Frame;Time(s);FPS;FrameTimeMs;MonoRamMB;AllocatedRamMB;ReservedRamMB
1;0,00;0,27;3674,43;689,80;881,86;1570,35
2;0,02;0,40;2478,45;690,86;906,88;1570,35
3;0,11;0,40;2478,45;690,89;906,82;1570,35
4;0,13;0,40;2478,45;690,89;906,77;1570,35
5;0,13;0,40;2478,45;690,89;906,78;1570,35
6;0,14;0,40;2478,45;690,89;906,78;1570,35
7;0,15;0,40;2478,45;690,89;906,78;1570,35
8;0,15;0,40;2478,45;690,89;906,78;1570,35
9;0,17;0,40;2478,45;690,89;906,78;1570,35
10;0,18;0,40;2478,45;690,89;906,77;1570,35
11;0,19;0,40;2478,45;690,89;906,77;1570,35
12;0,20;0,40;2478,45;690,89;906,77;1570,35
13;0,20;0,40;2478,45;690,89;906,77;1570,35
14;0,21;0,40;2478,45;690,89;906,77;1570,35
15;0,22;0,40;2478,45;690,89;906,77;1570,35
16;0,23;0,40;2478,45;690,89;906,77;1570,35
17;0,23;0,40;2478,45;690,89;906,70;1570,35
18;0,24;0,40;2478,45;690,89;906,72;1570,35
19;0,25;0,40;2478,45;690,89;906,72;1570,35
20;0,26;0,40;2478,45;690,89;906,72;1570,35
21;0,26;0,40;2478,45;690,89;906,72;1570,35
22;0,27;0,40;2478,45;690,89;906,72;1570,35
23;0,28;0,40;2478,45;690,89;906,72;1570,35
24;0,29;0,40;2478,45;690,89;906,73;1570,35
25;0,29;0,40;2478,45;690,89;906,73;1570,35
26;0,30;0,40;2478,45;690,89;906,73;1570,35
27;0,31;0,40;2478,45;690,89;906,73;1570,35
28;0,31;0,40;2478,45;690,89;906,73;1570,35
29;0,32;0,40;2478,45;690,89;906,73;1570,35
30;0,33;0,40;2478,45;690,89;906,73;1570,35
31;0,33;0,40;2478,45;690,89;906,73;1570,35
32;0,34;0,40;2478,45;690,89;906,73;1570,35
33;0,35;0,40;2478,45;690,89;906,73;1570,35
34;0,35;0,40;2478,45;690,89;906,73;1570,35
35;0,36;97,44;10,26;690,89;906,72;1570,35
36;0,37;97,44;10,26;690,89;906,74;1570,35
37;0,37;97,44;10,26;690,89;906,74;1570,35
38;0,38;97,44;10,26;690,89;906,74;1570,35
39;0,39;97,44;10,26;690,89;906,74;1570,35
40;0,39;97,44;10,26;690,89;906,74;1570,35
41;0,40;97,44;10,26;690,89;906,74;1570,35
42;0,41;97,44;10,26;690,89;906,74;1570,35
43;0,41;97,44;10,26;690,89;906,74;1570,35
44;0,42;97,44;10,26;690,89;906,75;1570,35
45;0,43;97,44;10,26;690,89;906,75;1570,35
46;0,43;97,44;10,26;690,89;906,75;1570,35
47;0,44;97,44;10,26;690,89;906,75;1570,35
48;0,45;97,44;10,26;690,89;906,75;1570,35
49;0,45;97,44;10,26;690,89;906,75;1570,35
50;0,46;97,44;10,26;690,89;906,75;1570,35
51;0,47;97,44;10,26;690,89;906,75;1570,35
52;0,47;97,44;10,26;690,89;906,75;1570,35
53;0,48;97,44;10,26;690,89;906,75;1570,35
54;0,49;97,44;10,26;690,89;906,73;1570,35
55;0,49;97,44;10,26;690,89;906,75;1570,35
56;0,50;97,44;10,26;690,89;906,76;1570,35
57;0,51;97,44;10,26;690,89;906,76;1570,35
58;0,51;97,44;10,26;690,89;906,76;1570,35
59;0,52;97,44;10,26;690,89;906,76;1570,35
60;0,53;97,44;10,26;690,89;906,76;1570,35
61;0,53;97,44;10,26;690,89;906,76;1570,35
62;0,54;97,44;10,26;690,89;906,76;1570,35
63;0,55;97,44;10,26;690,89;906,76;1570,35
64;0,55;97,44;10,26;690,89;906,76;1570,35
65;0,56;97,44;10,26;690,89;906,76;1570,35
66;0,57;97,44;10,26;690,89;906,76;1570,35
67;0,57;97,44;10,26;690,89;906,77;1570,35
68;0,58;97,44;10,26;690,89;906,77;1570,35
69;0,58;97,44;10,26;690,89;906,77;1570,35
70;0,59;97,44;10,26;690,89;906,77;1570,35
71;0,60;97,44;10,26;690,89;906,77;1570,35
72;0,61;97,44;10,26;690,89;906,75;1570,35
73;0,61;97,44;10,26;690,89;906,77;1570,35
74;0,62;97,44;10,26;690,89;906,77;1570,35
75;0,63;97,44;10,26;690,89;906,77;1570,35
76;0,63;97,44;10,26;690,89;906,77;1570,35
77;0,64;97,44;10,26;690,89;906,77;1570,35
78;0,65;97,44;10,26;690,89;906,78;1570,35
79;0,65;97,44;10,26;690,89;906,78;1570,35
80;0,66;97,44;10,26;690,89;906,78;1570,35
81;0,67;97,44;10,26;690,89;906,78;1570,35
82;0,67;97,44;10,26;690,89;906,78;1570,35
83;0,68;97,44;10,26;690,89;906,78;1570,35
84;0,69;97,44;10,26;690,89;906,78;1570,35
85;0,70;148,46;6,74;690,89;906,78;1570,35
86;0,70;148,46;6,74;690,89;906,78;1570,35
87;0,71;148,46;6,74;690,89;906,78;1570,35
88;0,71;148,46;6,74;690,89;906,78;1570,35
89;0,72;148,46;6,74;690,89;906,78;1570,35
90;0,73;148,46;6,74;690,89;906,79;1570,35
91;0,73;148,46;6,74;690,89;906,77;1570,35
92;0,74;148,46;6,74;690,89;906,78;1570,35
93;0,75;148,46;6,74;690,89;906,79;1570,35
94;0,75;148,46;6,74;690,89;906,79;1570,35
95;0,76;148,46;6,74;690,89;906,79;1570,35
96;0,77;148,46;6,74;690,89;906,79;1570,35
97;0,77;148,46;6,74;690,89;906,79;1570,35
98;0,78;148,46;6,74;690,89;906,79;1570,35
99;0,79;148,46;6,74;690,89;906,79;1570,35
100;0,80;148,46;6,74;690,89;906,79;1570,35
101;0,80;148,46;6,74;690,89;906,80;1570,35
102;0,81;148,46;6,74;690,89;906,80;1570,35
103;0,81;148,46;6,74;690,89;906,80;1570,35
104;0,82;148,46;6,74;690,89;906,80;1570,35
105;0,83;148,46;6,74;690,89;906,80;1570,35
106;0,83;148,46;6,74;690,89;906,80;1570,35
107;0,84;148,46;6,74;690,89;906,80;1570,35
108;0,85;148,46;6,74;690,89;906,80;1570,35
109;0,86;148,46;6,74;690,89;906,80;1570,35
110;0,86;148,46;6,74;690,89;906,80;1570,35
111;0,87;148,46;6,74;690,89;906,80;1570,35
112;0,88;148,46;6,74;690,89;906,80;1570,35
113;0,88;148,46;6,74;690,89;906,81;1570,35
114;0,89;148,46;6,74;690,89;906,81;1570,35
115;0,90;148,46;6,74;690,89;906,81;1570,35
116;0,90;148,46;6,74;690,89;906,81;1570,35
117;0,91;148,46;6,74;690,89;906,81;1570,35
118;0,91;148,46;6,74;690,89;906,81;1570,35
119;0,92;148,46;6,74;690,89;906,81;1570,35
120;0,93;148,46;6,74;690,89;906,81;1570,35
121;0,94;148,46;6,74;690,89;906,81;1570,35
122;0,94;148,46;6,74;690,89;906,81;1570,35
123;0,95;148,46;6,74;690,89;906,81;1570,35
124;0,96;148,46;6,74;690,89;906,82;1570,35
125;0,97;148,46;6,74;690,89;906,82;1570,35
126;0,97;148,46;6,74;690,89;906,82;1570,35
127;0,98;148,46;6,74;690,89;906,82;1570,35
128;0,99;148,46;6,74;690,89;906,82;1570,35
129;1,00;148,46;6,74;690,89;906,82;1570,35
130;1,01;148,46;6,74;690,89;906,82;1570,35
131;1,01;148,46;6,74;690,89;906,82;1570,35
132;1,02;148,46;6,74;690,89;906,82;1570,35
133;1,03;143,97;6,95;690,89;906,82;1570,35
134;1,04;143,97;6,95;690,89;906,82;1570,35
135;1,04;143,97;6,95;690,89;906,82;1570,35
136;1,05;143,97;6,95;690,89;906,83;1570,35
137;1,06;143,97;6,95;690,89;906,83;1570,35
138;1,06;143,97;6,95;690,89;906,83;1570,35
139;1,07;143,97;6,95;690,89;906,83;1570,35
140;1,08;143,97;6,95;690,89;906,83;1570,35
141;1,08;143,97;6,95;690,89;906,83;1570,35
142;1,09;143,97;6,95;690,89;906,83;1570,35
143;1,10;143,97;6,95;690,89;906,83;1570,35
144;1,10;143,97;6,95;690,89;906,83;1570,35
145;1,11;143,97;6,95;690,89;906,83;1570,35
146;1,12;143,97;6,95;690,89;906,83;1570,35
147;1,12;143,97;6,95;690,89;906,84;1570,35
148;1,13;143,97;6,95;690,89;906,84;1570,35
149;1,14;143,97;6,95;690,89;906,84;1570,35
150;1,15;143,97;6,95;690,89;906,84;1570,35
151;1,15;143,97;6,95;690,89;906,84;1570,35
152;1,16;143,97;6,95;690,89;906,84;1570,35
153;1,16;143,97;6,95;690,89;906,84;1570,35
154;1,17;143,97;6,95;690,89;906,84;1570,35
155;1,18;143,97;6,95;690,89;906,84;1570,35
156;1,18;143,97;6,95;690,89;906,84;1570,35
157;1,19;143,97;6,95;690,89;906,84;1570,35
158;1,19;143,97;6,95;690,89;906,84;1570,35
159;1,20;143,97;6,95;690,89;906,84;1570,35
160;1,20;143,97;6,95;690,89;906,84;1570,35
161;1,21;143,97;6,95;690,89;906,85;1570,35
162;1,21;143,97;6,95;690,89;906,85;1570,35
163;1,22;143,97;6,95;690,89;906,85;1570,35
164;1,22;143,97;6,95;690,89;906,85;1570,35
165;1,23;143,97;6,95;690,89;906,85;1570,35
166;1,23;143,97;6,95;690,89;906,83;1570,35
167;1,24;143,97;6,95;690,89;906,85;1570,35
168;1,24;143,97;6,95;690,89;906,85;1570,35
169;1,25;143,97;6,95;690,89;906,85;1570,35
170;1,25;143,97;6,95;690,89;906,85;1570,35
171;1,26;143,97;6,95;690,89;906,85;1570,35
172;1,26;143,97;6,95;690,89;906,85;1570,35
173;1,27;143,97;6,95;690,89;906,85;1570,35
174;1,27;143,97;6,95;690,89;906,85;1570,35
175;1,28;143,97;6,95;690,89;906,86;1570,35
176;1,28;143,97;6,95;690,89;906,86;1570,35
177;1,28;143,97;6,95;690,89;906,86;1570,35
178;1,29;143,97;6,95;690,89;906,86;1570,35
179;1,29;143,97;6,95;690,89;906,86;1570,35
180;1,30;143,97;6,95;690,89;906,86;1570,35
181;1,30;143,97;6,95;690,89;906,86;1570,35
182;1,31;143,97;6,95;690,89;906,86;1570,35
183;1,31;143,97;6,95;690,89;906,86;1570,35
184;1,32;143,97;6,95;690,89;906,86;1570,35
185;1,32;143,97;6,95;690,89;906,86;1570,35
186;1,33;143,97;6,95;690,89;906,86;1570,35
187;1,33;143,97;6,95;690,89;906,87;1570,35
188;1,33;143,97;6,95;690,89;906,87;1570,35
189;1,34;143,97;6,95;690,89;906,87;1570,35
190;1,34;143,97;6,95;690,89;906,87;1570,35
191;1,35;143,97;6,95;690,89;906,87;1570,35
192;1,35;143,97;6,95;690,89;906,87;1570,35
193;1,36;143,97;6,95;690,89;906,87;1570,35
194;1,36;143,97;6,95;690,89;906,87;1570,35
195;1,37;183,83;5,44;690,89;906,87;1570,35
196;1,37;183,83;5,44;690,89;906,87;1570,35
197;1,38;183,83;5,44;690,89;906,87;1570,35
198;1,38;183,83;5,44;690,89;906,88;1570,35
199;1,39;183,83;5,44;690,89;906,88;1570,35
200;1,39;183,83;5,44;690,89;906,88;1570,35
201;1,40;183,83;5,44;690,89;906,88;1570,35
202;1,40;183,83;5,44;690,89;906,88;1570,35
203;1,40;183,83;5,44;690,89;906,88;1570,35
204;1,41;183,83;5,44;690,89;906,88;1570,35
205;1,41;183,83;5,44;690,89;906,88;1570,35
206;1,42;183,83;5,44;690,89;906,88;1570,35
207;1,42;183,83;5,44;690,89;906,88;1570,35
208;1,43;183,83;5,44;690,89;906,88;1570,35
209;1,43;183,83;5,44;690,89;906,88;1570,35
210;1,44;183,83;5,44;690,89;906,89;1570,35
211;1,44;183,83;5,44;690,89;906,89;1570,35
212;1,45;183,83;5,44;690,89;906,89;1570,35
213;1,45;183,83;5,44;690,89;906,89;1570,35
214;1,46;183,83;5,44;690,89;906,89;1570,35
215;1,46;183,83;5,44;690,89;906,89;1570,35
216;1,46;183,83;5,44;690,89;906,89;1570,35
217;1,47;183,83;5,44;690,89;906,89;1570,35
218;1,47;183,83;5,44;690,89;906,89;1570,35
219;1,48;183,83;5,44;690,89;906,89;1570,35
220;1,48;183,83;5,44;690,89;906,89;1570,35
221;1,49;183,83;5,44;690,89;906,89;1570,35
222;1,49;183,83;5,44;690,89;906,90;1570,35
223;1,50;183,83;5,44;690,89;906,90;1570,35
224;1,50;183,83;5,44;690,89;906,90;1570,35
225;1,51;183,83;5,44;690,89;906,90;1570,35
226;1,51;183,83;5,44;690,89;906,90;1570,35
227;1,52;183,83;5,44;690,89;906,90;1570,35
228;1,52;183,83;5,44;690,89;906,90;1570,35
229;1,53;183,83;5,44;690,89;906,90;1570,35
230;1,53;183,83;5,44;690,89;906,91;1570,35
231;1,54;183,83;5,44;690,89;906,91;1570,35
232;1,54;183,83;5,44;690,89;906,91;1570,35
233;1,55;183,83;5,44;690,89;906,91;1570,35
234;1,55;183,83;5,44;690,89;906,91;1570,35
235;1,56;183,83;5,44;690,89;906,91;1570,35
236;1,57;183,83;5,44;690,89;906,91;1570,35
237;1,57;183,83;5,44;690,89;906,91;1570,35
238;1,58;183,83;5,44;690,89;906,91;1570,35
239;1,59;183,83;5,44;690,89;906,91;1570,35
240;1,60;183,83;5,44;690,89;906,91;1570,35
241;1,60;183,83;5,44;690,89;906,92;1570,35
242;1,61;183,83;5,44;690,89;906,90;1570,35
243;1,62;183,83;5,44;690,89;906,91;1570,35
244;1,63;183,83;5,44;690,89;906,92;1570,35
245;1,64;183,83;5,44;690,89;906,92;1570,35
246;1,65;183,83;5,44;690,89;906,92;1570,35
247;1,65;183,83;5,44;690,89;906,92;1570,35
248;1,66;183,83;5,44;690,89;906,92;1570,35
249;1,67;183,83;5,44;690,89;906,92;1570,35
250;1,68;183,83;5,44;690,89;906,92;1570,35
251;1,69;183,83;5,44;690,89;906,93;1570,35
252;1,70;183,83;5,44;690,89;906,93;1570,35
253;1,70;172,03;5,81;690,89;906,93;1570,35
254;1,71;172,03;5,81;690,89;906,93;1570,35
255;1,72;172,03;5,81;690,89;906,93;1570,35
256;1,73;172,03;5,81;690,89;906,93;1570,35
257;1,74;172,03;5,81;690,90;906,91;1570,35
258;1,75;172,03;5,81;690,90;906,93;1570,35
259;1,75;172,03;5,81;690,90;906,93;1570,35
260;1,76;172,03;5,81;690,90;906,93;1570,35
261;1,77;172,03;5,81;690,90;906,93;1570,35
262;1,78;172,03;5,81;690,90;906,94;1570,35
263;1,79;172,03;5,81;690,90;906,94;1570,35
264;1,80;172,03;5,81;690,90;906,94;1570,35
265;1,80;172,03;5,81;690,90;906,94;1570,35
266;1,81;172,03;5,81;690,90;906,94;1570,35
267;1,82;172,03;5,81;690,90;906,94;1570,35
268;1,83;172,03;5,81;690,90;906,94;1570,35
269;1,83;172,03;5,81;690,90;906,94;1570,35
270;1,84;172,03;5,81;690,90;906,94;1570,35
271;1,85;172,03;5,81;690,90;906,94;1570,35
272;1,86;172,03;5,81;690,90;906,93;1570,35
273;1,87;172,03;5,81;690,90;906,94;1570,35
274;1,87;172,03;5,81;690,90;906,95;1570,35
275;1,88;172,03;5,81;690,90;906,95;1570,35
276;1,89;172,03;5,81;690,90;906,95;1570,35
277;1,90;172,03;5,81;690,90;906,95;1570,35
278;1,90;172,03;5,81;690,90;906,95;1570,35
279;1,91;172,03;5,81;690,90;906,95;1570,35
280;1,92;172,03;5,81;690,90;906,95;1570,35
281;1,92;172,03;5,81;690,90;906,95;1570,35
282;1,93;172,03;5,81;690,90;906,95;1570,35
283;1,94;172,03;5,81;690,90;906,95;1570,35
284;1,95;172,03;5,81;690,90;906,95;1570,35
285;1,95;172,03;5,81;690,90;906,96;1570,35
286;1,96;172,03;5,81;690,90;906,96;1570,35
287;1,97;172,03;5,81;690,90;906,96;1570,35
288;1,97;172,03;5,81;690,90;906,96;1570,35
289;1,98;172,03;5,81;690,90;906,96;1570,35
290;1,99;172,03;5,81;690,90;906,96;1570,35
291;1,99;172,03;5,81;690,90;906,96;1570,35
292;2,00;172,03;5,81;690,90;906,96;1570,35
293;2,01;172,03;5,81;690,90;906,96;1570,35
294;2,02;172,03;5,81;690,90;906,96;1570,35
295;2,02;172,03;5,81;690,90;906,96;1570,35
296;2,03;172,03;5,81;690,90;906,96;1570,35
297;2,04;130,71;7,65;690,90;906,97;1570,35
298;2,05;130,71;7,65;690,90;906,97;1570,35
299;2,06;130,71;7,65;690,90;906,97;1570,35
300;2,06;130,71;7,65;690,90;906,97;1570,35
301;2,07;130,71;7,65;690,90;906,97;1570,35
302;2,08;130,71;7,65;690,90;906,97;1570,35
303;2,08;130,71;7,65;690,90;906,97;1570,35
304;2,09;130,71;7,65;690,90;906,97;1570,35
305;2,10;130,71;7,65;690,90;906,97;1570,35
306;2,11;130,71;7,65;690,90;906,97;1570,35
307;2,11;130,71;7,65;690,90;906,97;1570,35
308;2,12;130,71;7,65;690,90;906,98;1570,35
309;2,13;130,71;7,65;690,90;906,98;1570,35
310;2,13;130,71;7,65;690,90;906,98;1570,35
311;2,14;130,71;7,65;690,90;906,98;1570,35
312;2,15;130,71;7,65;690,90;906,98;1570,35
313;2,16;130,71;7,65;690,90;906,98;1570,35
314;2,17;130,71;7,65;690,90;906,98;1570,35
315;2,17;130,71;7,65;690,90;906,98;1570,35
316;2,18;130,71;7,65;690,90;906,98;1570,35
317;2,19;130,71;7,65;690,90;906,98;1570,35
318;2,20;130,71;7,65;690,90;906,98;1570,35
319;2,20;130,71;7,65;690,90;906,99;1570,35
320;2,21;130,71;7,65;690,90;906,99;1570,35
321;2,22;130,71;7,65;690,90;906,99;1570,35
322;2,23;130,71;7,65;690,90;906,99;1570,35
323;2,23;130,71;7,65;690,90;906,97;1570,35
324;2,24;130,71;7,65;690,90;906,99;1570,35
325;2,25;130,71;7,65;690,90;907,00;1570,35
326;2,26;130,71;7,65;690,90;907,00;1570,35
327;2,26;130,71;7,65;690,90;907,00;1570,35
328;2,27;130,71;7,65;690,90;907,00;1570,35
329;2,28;130,71;7,65;690,90;907,00;1570,35
330;2,28;130,71;7,65;690,90;907,00;1570,35
331;2,29;130,71;7,65;690,90;907,00;1570,35
332;2,30;130,71;7,65;690,90;907,00;1570,35
333;2,30;130,71;7,65;690,90;907,00;1570,35
334;2,31;130,71;7,65;690,90;907,00;1570,35
335;2,32;130,71;7,65;690,90;907,01;1570,35
336;2,32;130,71;7,65;690,90;907,01;1570,35
337;2,33;130,71;7,65;690,90;907,01;1570,35
338;2,34;130,71;7,65;690,90;907,01;1570,35
339;2,35;130,71;7,65;690,90;907,01;1570,35
340;2,35;130,71;7,65;690,90;907,01;1570,35
341;2,36;130,71;7,65;690,90;906,99;1570,35
342;2,37;130,71;7,65;690,90;907,01;1570,35
343;2,37;130,71;7,65;690,90;907,01;1570,35
344;2,38;138,66;7,21;690,90;907,01;1570,35
345;2,39;138,66;7,21;690,90;907,01;1570,35
346;2,39;138,66;7,21;690,90;907,02;1570,35
347;2,40;138,66;7,21;690,90;907,02;1570,35
348;2,41;138,66;7,21;690,90;907,02;1570,35
349;2,41;138,66;7,21;690,90;907,02;1570,35
350;2,42;138,66;7,21;690,90;907,02;1570,35
351;2,43;138,66;7,21;690,90;907,02;1570,35
352;2,44;138,66;7,21;690,90;907,02;1570,35
353;2,44;138,66;7,21;690,90;907,02;1570,35
354;2,45;138,66;7,21;690,90;907,02;1570,35
355;2,46;138,66;7,21;690,90;907,02;1570,35
356;2,46;138,66;7,21;690,90;907,02;1570,35
357;2,47;138,66;7,21;690,90;907,02;1570,35
358;2,48;138,66;7,21;690,90;907,02;1570,35
359;2,48;138,66;7,21;690,90;907,00;1570,35
360;2,49;138,66;7,21;690,90;907,02;1570,35
361;2,50;138,66;7,21;690,90;907,02;1570,35
362;2,50;138,66;7,21;690,90;907,02;1570,35
363;2,51;138,66;7,21;690,90;907,02;1570,35
364;2,52;138,66;7,21;690,90;907,02;1570,35
365;2,52;138,66;7,21;690,90;907,02;1570,35
366;2,53;138,66;7,21;690,90;907,03;1570,35
367;2,54;138,66;7,21;690,90;907,03;1570,35
368;2,54;138,66;7,21;690,90;907,03;1570,35
369;2,55;138,66;7,21;690,90;907,03;1570,35
370;2,56;138,66;7,21;690,90;907,03;1570,35
371;2,56;138,66;7,21;690,90;907,03;1570,35
372;2,57;138,66;7,21;690,90;907,03;1570,35
373;2,58;138,66;7,21;690,90;907,03;1570,35
374;2,58;138,66;7,21;690,90;907,03;1570,35
375;2,59;138,66;7,21;690,90;907,03;1570,35
376;2,60;138,66;7,21;690,90;907,03;1570,35
377;2,61;138,66;7,21;690,90;907,04;1570,35
378;2,61;138,66;7,21;690,90;907,03;1570,35
379;2,62;138,66;7,21;690,90;907,04;1570,35
380;2,63;138,66;7,21;690,90;907,04;1570,35
381;2,64;138,66;7,21;690,90;907,04;1570,35
382;2,64;138,66;7,21;690,90;907,04;1570,35
383;2,65;138,66;7,21;690,90;907,04;1570,35
384;2,66;138,66;7,21;690,90;907,04;1570,35
385;2,67;138,66;7,21;690,90;907,04;1570,35
386;2,67;138,66;7,21;690,90;907,04;1570,35
387;2,68;138,66;7,21;690,90;907,04;1570,35
388;2,69;138,66;7,21;690,90;907,04;1570,35
389;2,69;138,66;7,21;690,90;907,05;1570,35
390;2,70;138,66;7,21;690,90;907,05;1570,35
391;2,71;138,66;7,21;690,90;907,05;1570,35
392;2,71;143,14;6,99;690,90;907,05;1570,35
393;2,72;143,14;6,99;690,90;907,05;1570,35
394;2,73;143,14;6,99;690,90;907,05;1570,35
395;2,73;143,14;6,99;690,90;907,03;1570,35
396;2,74;143,14;6,99;690,90;907,05;1570,35
397;2,75;143,14;6,99;690,90;907,05;1570,35
398;2,75;143,14;6,99;690,90;907,05;1570,35
399;2,76;143,14;6,99;690,90;907,05;1570,35
400;2,77;143,14;6,99;690,90;907,06;1570,35
401;2,78;143,14;6,99;690,90;907,06;1570,35
402;2,78;143,14;6,99;690,90;907,06;1570,35
403;2,79;143,14;6,99;690,90;907,06;1570,35
404;2,80;143,14;6,99;690,90;907,06;1570,35
405;2,80;143,14;6,99;690,90;907,06;1570,35
406;2,81;143,14;6,99;690,90;907,06;1570,35
407;2,82;143,14;6,99;690,90;907,06;1570,35
408;2,83;143,14;6,99;690,90;907,06;1570,35
409;2,83;143,14;6,99;690,91;907,06;1570,35
410;2,84;143,14;6,99;690,91;907,06;1570,35
411;2,85;143,14;6,99;690,91;907,07;1570,35
412;2,85;143,14;6,99;690,91;907,07;1570,35
413;2,86;143,14;6,99;690,91;907,05;1570,35
414;2,87;143,14;6,99;690,91;907,06;1570,35
415;2,87;143,14;6,99;690,91;907,07;1570,35
416;2,88;143,14;6,99;690,91;907,07;1570,35
417;2,89;143,14;6,99;690,91;907,07;1570,35
418;2,89;143,14;6,99;690,91;907,07;1570,35
419;2,90;143,14;6,99;690,92;907,07;1570,35
420;2,90;143,14;6,99;690,92;907,07;1570,35
421;2,91;143,14;6,99;690,92;907,07;1570,35
422;2,92;143,14;6,99;690,92;907,07;1570,35
423;2,92;143,14;6,99;690,92;907,08;1570,35
424;2,93;143,14;6,99;690,92;907,08;1570,35
425;2,94;143,14;6,99;690,93;907,08;1570,35
426;2,94;143,14;6,99;690,93;907,08;1570,35
427;2,95;143,14;6,99;690,93;907,08;1570,35
428;2,96;143,14;6,99;690,93;907,08;1570,35
429;2,96;143,14;6,99;690,93;907,08;1570,35
430;2,97;143,14;6,99;690,93;907,08;1570,35
431;2,97;143,14;6,99;690,93;907,08;1570,35
432;2,98;143,14;6,99;690,93;907,08;1570,35
433;2,99;143,14;6,99;690,93;907,08;1570,35
434;2,99;143,14;6,99;690,93;907,09;1570,35
435;3,00;143,14;6,99;690,94;907,09;1570,35
436;3,00;143,14;6,99;690,94;907,09;1570,35
437;3,34;51,32;19,48;693,12;1163,69;1780,35
438;3,39;51,32;19,48;693,17;1163,80;1780,35
439;3,40;51,32;19,48;693,17;1163,81;1780,35
440;3,41;51,32;19,48;693,17;1163,81;1780,35
441;3,42;51,32;19,48;693,17;1163,81;1780,35
442;3,42;51,32;19,48;693,17;1163,81;1780,35
443;3,43;51,32;19,48;693,18;1163,81;1780,35
444;3,44;51,32;19,48;693,18;1163,82;1780,35
445;3,44;51,32;19,48;693,18;1163,82;1780,35
446;3,45;51,32;19,48;693,18;1163,82;1780,35
447;3,45;51,32;19,48;693,18;1163,82;1780,35
448;3,46;51,32;19,48;693,18;1163,82;1780,35
449;3,46;51,32;19,48;693,18;1163,82;1780,35
450;3,47;51,32;19,48;693,18;1163,82;1780,35
451;3,48;51,32;19,48;693,18;1163,82;1780,35
452;3,48;51,32;19,48;693,18;1163,78;1780,35
453;3,49;51,32;19,48;693,19;1163,78;1780,35
454;3,50;51,32;19,48;693,19;1163,78;1780,35
455;3,50;51,32;19,48;693,19;1163,78;1780,35
456;3,51;51,32;19,48;693,19;1163,78;1780,35
457;3,51;51,32;19,48;693,19;1163,78;1780,35
458;3,52;51,32;19,48;693,19;1163,78;1780,35
459;3,53;51,32;19,48;693,20;1163,78;1780,35
460;3,53;51,32;19,48;693,20;1163,78;1780,35
461;3,54;51,32;19,48;693,20;1163,78;1780,35
462;3,55;51,32;19,48;693,20;1163,79;1780,35
463;3,55;51,32;19,48;693,20;1163,79;1780,35
464;3,56;51,32;19,48;693,20;1163,79;1780,35
465;3,56;51,32;19,48;693,20;1163,79;1780,35
466;3,57;51,32;19,48;693,20;1163,79;1780,35
467;3,58;51,32;19,48;693,20;1163,79;1780,35
468;3,58;51,32;19,48;693,21;1163,80;1780,35
469;3,59;51,32;19,48;693,21;1163,80;1780,35
470;3,60;51,32;19,48;693,21;1163,80;1780,35
471;3,60;51,32;19,48;693,21;1163,80;1780,35
472;3,61;51,32;19,48;693,21;1163,79;1780,35
473;3,61;51,32;19,48;693,21;1163,80;1780,35
474;3,62;51,32;19,48;693,21;1163,80;1780,35
475;3,63;51,32;19,48;693,21;1163,80;1780,35
476;3,63;51,32;19,48;693,21;1163,80;1780,35
477;3,64;51,32;19,48;693,21;1163,80;1780,35
478;3,64;51,32;19,48;693,22;1163,80;1780,35
479;3,65;51,32;19,48;693,22;1163,80;1780,35
480;3,66;51,32;19,48;693,22;1163,80;1780,35
481;3,66;51,32;19,48;693,22;1163,80;1780,35
482;3,67;51,32;19,48;693,22;1163,80;1780,35
483;3,67;136,51;7,33;693,22;1163,80;1780,35
484;3,68;136,51;7,33;693,23;1163,81;1780,35
485;3,69;136,51;7,33;693,23;1163,81;1780,35
486;3,69;136,51;7,33;693,23;1163,81;1780,35
487;3,70;136,51;7,33;693,23;1163,81;1780,35
488;3,71;136,51;7,33;693,23;1163,81;1780,35
489;3,71;136,51;7,33;693,23;1163,81;1780,35
490;3,72;136,51;7,33;693,23;1163,81;1780,35
491;3,73;136,51;7,33;693,23;1163,81;1780,35
492;3,73;136,51;7,33;693,23;1163,80;1780,35
493;3,74;136,51;7,33;693,23;1163,81;1780,35
494;3,74;136,51;7,33;693,24;1163,81;1780,35
495;3,75;136,51;7,33;693,24;1163,82;1780,35
496;3,76;136,51;7,33;693,24;1163,82;1780,35
497;3,76;136,51;7,33;693,24;1163,82;1780,35
498;3,77;136,51;7,33;693,24;1163,82;1780,35
499;3,77;136,51;7,33;693,24;1163,82;1780,35
500;3,78;136,51;7,33;693,25;1163,82;1780,35
501;3,79;136,51;7,33;693,25;1163,82;1780,35
502;3,79;136,51;7,33;693,25;1163,82;1780,35
503;3,80;136,51;7,33;693,25;1163,82;1780,35
504;3,81;136,51;7,33;693,25;1163,82;1780,35
505;3,82;136,51;7,33;693,25;1163,82;1780,35
506;3,82;136,51;7,33;693,25;1163,82;1780,35
507;3,83;136,51;7,33;693,25;1163,83;1780,35
508;3,83;136,51;7,33;693,25;1163,83;1780,35
509;3,84;136,51;7,33;693,26;1163,83;1780,35
510;3,85;136,51;7,33;693,26;1163,83;1780,35
511;3,85;136,51;7,33;693,26;1163,83;1780,35
512;3,86;136,51;7,33;693,26;1163,83;1780,35
513;3,87;136,51;7,33;693,27;1163,83;1780,35
514;3,87;136,51;7,33;693,27;1163,83;1780,35
515;3,88;136,51;7,33;693,27;1163,84;1780,35
516;3,88;136,51;7,33;693,28;1163,84;1780,35
517;3,89;136,51;7,33;693,28;1163,84;1780,35
518;3,90;136,51;7,33;693,28;1163,84;1780,35
519;3,90;136,51;7,33;693,28;1163,84;1780,35
520;3,91;136,51;7,33;693,28;1163,84;1780,35
521;3,92;136,51;7,33;693,28;1163,84;1780,35
522;3,92;136,51;7,33;693,29;1163,85;1780,35
523;3,93;136,51;7,33;693,29;1163,85;1780,35
524;3,93;136,51;7,33;693,29;1163,85;1780,35
525;3,94;136,51;7,33;693,29;1163,85;1780,35
526;3,94;136,51;7,33;693,29;1163,85;1780,35
527;3,95;136,51;7,33;693,29;1163,85;1780,35
528;3,96;136,51;7,33;693,29;1163,85;1780,35
529;3,96;136,51;7,33;693,29;1163,85;1780,35
530;3,97;136,51;7,33;693,29;1163,85;1780,35
531;3,98;136,51;7,33;693,29;1163,85;1780,35
532;3,98;136,51;7,33;693,30;1163,84;1780,35
533;3,99;136,51;7,33;693,30;1163,85;1780,35
534;3,99;136,51;7,33;693,30;1163,86;1780,35
535;4,00;136,51;7,33;693,30;1163,86;1780,35
536;4,01;136,51;7,33;693,30;1163,86;1780,35
537;4,01;159,96;6,25;693,30;1163,86;1780,35
538;4,02;159,96;6,25;693,30;1163,86;1780,35
539;4,02;159,96;6,25;693,30;1163,86;1780,35
540;4,03;159,96;6,25;693,30;1163,86;1780,35
541;4,04;159,96;6,25;693,31;1163,86;1780,35
542;4,04;159,96;6,25;693,31;1163,86;1780,35
543;4,05;159,96;6,25;693,31;1163,86;1780,35
544;4,05;159,96;6,25;693,31;1163,86;1780,35
545;4,06;159,96;6,25;693,31;1163,86;1780,35
546;4,07;159,96;6,25;693,31;1163,86;1780,35
547;4,07;159,96;6,25;693,31;1163,86;1780,35
548;4,08;159,96;6,25;693,32;1163,86;1780,35
549;4,09;159,96;6,25;693,32;1163,86;1780,35
550;4,09;159,96;6,25;693,32;1163,86;1780,35
551;4,10;159,96;6,25;693,32;1163,86;1780,35
552;4,10;159,96;6,25;693,32;1163,87;1780,35
553;4,11;159,96;6,25;693,32;1163,86;1780,35
554;4,12;159,96;6,25;693,32;1163,87;1780,35
555;4,12;159,96;6,25;693,32;1163,87;1780,35
556;4,13;159,96;6,25;693,32;1163,87;1780,35
557;4,14;159,96;6,25;693,33;1163,87;1780,35
558;4,14;159,96;6,25;693,33;1163,87;1780,35
559;4,15;159,96;6,25;693,33;1163,87;1780,35
560;4,16;159,96;6,25;693,33;1163,87;1780,35
561;4,16;159,96;6,25;693,33;1163,87;1780,35
562;4,17;159,96;6,25;693,33;1163,87;1780,35
563;4,18;159,96;6,25;693,33;1163,87;1780,35
564;4,18;159,96;6,25;693,34;1163,88;1780,35
565;4,19;159,96;6,25;693,34;1163,88;1780,35
566;4,19;159,96;6,25;693,34;1163,88;1780,35
567;4,20;159,96;6,25;693,34;1163,88;1780,35
568;4,21;159,96;6,25;693,34;1163,88;1780,35
569;4,21;159,96;6,25;693,34;1163,88;1780,35
570;4,22;159,96;6,25;693,34;1163,88;1780,35
571;4,23;159,96;6,25;693,34;1163,88;1780,35
572;4,23;159,96;6,25;693,34;1163,88;1780,35
573;4,24;159,96;6,25;693,35;1163,88;1780,35
574;4,25;159,96;6,25;693,35;1163,88;1780,35
575;4,25;159,96;6,25;693,35;1163,89;1780,35
576;4,26;159,96;6,25;693,35;1163,89;1780,35
577;4,26;159,96;6,25;693,35;1163,89;1780,35
578;4,27;159,96;6,25;693,35;1163,89;1780,35
579;4,28;159,96;6,25;693,35;1163,89;1780,35
580;4,28;159,96;6,25;693,36;1163,89;1780,35
581;4,29;159,96;6,25;693,36;1163,89;1780,35
582;4,29;159,96;6,25;693,36;1163,89;1780,35
583;4,30;159,96;6,25;693,36;1163,89;1780,35
584;4,31;159,96;6,25;693,36;1163,89;1780,35
585;4,31;159,96;6,25;693,36;1163,89;1780,35
586;4,32;159,96;6,25;693,36;1163,89;1780,35
587;4,33;159,96;6,25;693,36;1163,90;1780,35
588;4,33;159,96;6,25;693,36;1163,90;1780,35
589;4,34;159,96;6,25;693,37;1163,90;1780,35
590;4,35;159,96;6,25;693,37;1163,90;1780,35
591;4,35;158,78;6,30;693,37;1163,90;1780,35
592;4,36;158,78;6,30;693,38;1163,90;1780,35
593;4,36;158,78;6,30;693,38;1163,90;1780,35
594;4,37;158,78;6,30;693,38;1163,90;1780,35
595;4,38;158,78;6,30;693,38;1163,90;1780,35
596;4,38;158,78;6,30;693,39;1163,90;1780,35
597;4,39;158,78;6,30;693,39;1163,90;1780,35
598;4,40;158,78;6,30;693,39;1163,91;1780,35
599;4,40;158,78;6,30;693,40;1163,91;1780,35
600;4,41;158,78;6,30;693,40;1163,91;1780,35
601;4,41;158,78;6,30;693,40;1163,91;1780,35
602;4,42;158,78;6,30;693,41;1163,91;1780,35
603;4,43;158,78;6,30;693,41;1163,91;1780,35
604;4,43;158,78;6,30;693,41;1163,91;1780,35
605;4,44;158,78;6,30;693,42;1163,91;1780,35
606;4,45;158,78;6,30;693,42;1163,91;1780,35
607;4,45;158,78;6,30;693,42;1163,91;1780,35
608;4,46;158,78;6,30;693,43;1163,91;1780,35
609;4,46;158,78;6,30;693,43;1163,91;1780,35
610;4,47;158,78;6,30;693,43;1163,92;1780,35
611;4,48;158,78;6,30;693,44;1163,90;1780,35
612;4,48;158,78;6,30;693,44;1163,91;1780,35
613;4,49;158,78;6,30;693,45;1163,92;1780,35
614;4,50;158,78;6,30;693,45;1163,92;1780,35
615;4,50;158,78;6,30;693,45;1163,92;1780,35
616;4,51;158,78;6,30;693,45;1163,92;1780,35
617;4,52;158,78;6,30;693,46;1163,92;1780,35
618;4,52;158,78;6,30;693,46;1163,92;1780,35
619;4,53;158,78;6,30;693,46;1163,92;1780,35
620;4,54;158,78;6,30;693,46;1163,92;1780,35
621;4,54;158,78;6,30;693,47;1163,93;1780,35
622;4,55;158,78;6,30;693,47;1163,93;1780,35
623;4,56;158,78;6,30;693,48;1163,93;1780,35
624;4,56;158,78;6,30;693,48;1163,93;1780,35
625;4,57;158,78;6,30;693,48;1163,93;1780,35
626;4,57;158,78;6,30;693,49;1163,93;1780,35
627;4,58;158,78;6,30;693,49;1163,93;1780,35
628;4,59;158,78;6,30;693,50;1163,93;1780,35
629;4,60;158,78;6,30;693,50;1163,93;1780,35
630;4,60;158,78;6,30;693,50;1163,93;1780,35
631;4,61;158,78;6,30;693,50;1163,99;1780,35
632;4,62;158,78;6,30;693,51;1163,93;1780,35
633;4,62;158,78;6,30;693,51;1163,94;1780,35
634;4,63;158,78;6,30;693,52;1163,94;1780,35
635;4,64;158,78;6,30;693,52;1163,94;1780,35
636;4,64;158,78;6,30;693,52;1163,94;1780,35
637;4,65;158,78;6,30;693,52;1163,94;1780,35
638;4,66;158,78;6,30;693,53;1163,94;1780,35
639;4,66;158,78;6,30;693,53;1163,94;1780,35
640;4,67;158,78;6,30;693,54;1163,94;1780,35
641;4,67;158,78;6,30;693,54;1163,94;1780,35
642;4,68;158,78;6,30;693,54;1163,94;1780,35
643;4,69;154,86;6,46;693,55;1163,95;1780,35
644;4,69;154,86;6,46;693,55;1163,95;1780,35
645;4,70;154,86;6,46;693,55;1163,95;1780,35
646;4,71;154,86;6,46;693,55;1163,95;1780,35
647;4,71;154,86;6,46;693,56;1163,95;1780,35
648;4,72;154,86;6,46;693,56;1163,95;1780,35
649;4,72;154,86;6,46;693,56;1163,95;1780,35
650;4,73;154,86;6,46;693,57;1163,93;1780,35
651;4,74;154,86;6,46;693,57;1163,95;1780,35
652;4,74;154,86;6,46;693,57;1163,95;1780,35
653;4,75;154,86;6,46;693,58;1163,95;1780,35
654;4,76;154,86;6,46;693,58;1163,95;1780,35
655;4,76;154,86;6,46;693,58;1163,95;1780,35
656;4,77;154,86;6,46;693,59;1163,96;1780,35
657;4,77;154,86;6,46;693,59;1163,96;1780,35
658;4,78;154,86;6,46;693,59;1163,96;1780,35
659;4,79;154,86;6,46;693,60;1163,96;1780,35
660;4,79;154,86;6,46;693,60;1163,96;1780,35
661;4,80;154,86;6,46;693,60;1163,96;1780,35
662;4,80;154,86;6,46;693,61;1163,96;1780,35
663;4,81;154,86;6,46;693,61;1163,96;1780,35
664;4,82;154,86;6,46;693,61;1163,96;1780,35
665;4,82;154,86;6,46;693,61;1163,96;1780,35
666;4,83;154,86;6,46;693,62;1163,96;1780,35
667;4,83;154,86;6,46;693,62;1163,97;1780,35
668;4,84;154,86;6,46;693,63;1163,97;1780,35
669;4,85;154,86;6,46;693,63;1163,97;1780,35
670;4,85;154,86;6,46;693,63;1163,97;1780,35
671;4,86;154,86;6,46;693,63;1163,97;1780,35
672;4,86;154,86;6,46;693,64;1163,97;1780,35
673;4,87;154,86;6,46;693,64;1163,97;1780,35
674;4,88;154,86;6,46;693,64;1163,97;1780,35
675;4,88;154,86;6,46;693,65;1163,97;1780,35
676;4,89;154,86;6,46;693,65;1163,97;1780,35
677;4,90;154,86;6,46;693,66;1163,97;1780,35
678;4,90;154,86;6,46;693,66;1163,97;1780,35
679;4,91;154,86;6,46;693,66;1163,98;1780,35
680;4,91;154,86;6,46;693,66;1163,98;1780,35
681;4,92;154,86;6,46;693,67;1163,98;1780,35
682;4,93;154,86;6,46;693,67;1163,98;1780,35
683;4,93;154,86;6,46;693,68;1163,98;1780,35
684;4,94;154,86;6,46;693,68;1163,98;1780,35
685;4,95;154,86;6,46;693,68;1163,98;1780,35
686;4,95;154,86;6,46;693,68;1163,98;1780,35
687;4,96;154,86;6,46;693,69;1163,98;1780,35
688;4,97;154,86;6,46;693,70;1163,99;1780,35
689;4,97;154,86;6,46;693,70;1163,99;1780,35
690;4,98;154,86;6,46;693,70;1163,97;1780,35
691;4,99;154,86;6,46;693,70;1163,98;1780,35
692;4,99;154,86;6,46;693,71;1163,99;1780,35
693;5,00;154,86;6,46;693,71;1163,99;1780,35
694;5,00;154,86;6,46;693,71;1163,99;1780,35
695;5,01;154,86;6,46;693,71;1163,99;1780,35
696;5,02;154,86;6,46;693,72;1163,99;1780,35
697;5,02;154,86;6,46;693,72;1163,99;1780,35
698;5,03;162,13;6,17;693,73;1163,99;1780,35
699;5,03;162,13;6,17;693,73;1163,99;1780,35
700;5,04;162,13;6,17;693,73;1163,99;1780,35
701;5,04;162,13;6,17;693,73;1163,99;1780,35
702;5,05;162,13;6,17;693,74;1164,00;1780,35
703;5,06;162,13;6,17;693,74;1164,00;1780,35
704;5,06;162,13;6,17;693,75;1164,00;1780,35
705;5,07;162,13;6,17;693,75;1164,00;1780,35
706;5,07;162,13;6,17;693,75;1164,00;1780,35
707;5,08;162,13;6,17;693,76;1164,00;1780,35
708;5,09;162,13;6,17;693,76;1164,00;1780,35
709;5,09;162,13;6,17;693,76;1164,00;1780,35
710;5,10;162,13;6,17;693,77;1164,00;1780,35
711;5,10;162,13;6,17;693,77;1164,00;1780,35
712;5,11;162,13;6,17;693,77;1164,00;1780,35
713;5,11;162,13;6,17;693,78;1164,01;1780,35
714;5,12;162,13;6,17;693,78;1164,01;1780,35
715;5,13;162,13;6,17;693,78;1164,01;1780,35
716;5,13;162,13;6,17;693,78;1164,01;1780,35
717;5,14;162,13;6,17;693,79;1164,01;1780,35
718;5,15;162,13;6,17;693,79;1164,01;1780,35
719;5,15;162,13;6,17;693,79;1164,01;1780,35
720;5,16;162,13;6,17;693,80;1164,01;1780,35
721;5,16;162,13;6,17;693,80;1164,01;1780,35
722;5,17;162,13;6,17;693,80;1164,01;1780,35
723;5,17;162,13;6,17;693,81;1164,01;1780,35
724;5,18;162,13;6,17;693,81;1164,01;1780,35
725;5,19;162,13;6,17;693,81;1164,02;1780,35
726;5,19;162,13;6,17;693,82;1164,02;1780,35
727;5,20;162,13;6,17;693,82;1164,02;1780,35
728;5,20;162,13;6,17;693,82;1164,02;1780,35
729;5,21;162,13;6,17;693,83;1164,02;1780,35
730;5,21;162,13;6,17;693,83;1164,02;1780,35
731;5,22;162,13;6,17;693,83;1164,02;1780,35
732;5,23;162,13;6,17;693,84;1164,02;1780,35
733;5,23;162,13;6,17;693,84;1164,01;1780,35
734;5,24;162,13;6,17;693,84;1164,02;1780,35
735;5,25;162,13;6,17;693,85;1164,02;1780,35
736;5,25;162,13;6,17;693,85;1164,03;1780,35
737;5,26;162,13;6,17;693,86;1164,03;1780,35
738;5,26;162,13;6,17;693,86;1164,03;1780,35
739;5,27;162,13;6,17;693,86;1164,03;1780,35
740;5,28;162,13;6,17;693,86;1164,03;1780,35
741;5,28;162,13;6,17;693,87;1164,03;1780,35
742;5,29;162,13;6,17;693,87;1164,03;1780,35
743;5,29;162,13;6,17;693,88;1164,03;1780,35
744;5,30;162,13;6,17;693,88;1164,03;1780,35
745;5,31;162,13;6,17;693,88;1164,03;1780,35
746;5,31;162,13;6,17;693,88;1164,03;1780,35
747;5,32;162,13;6,17;693,89;1164,03;1780,35
748;5,32;162,13;6,17;693,89;1164,04;1780,35
749;5,33;162,13;6,17;693,89;1164,04;1780,35
750;5,33;162,13;6,17;693,89;1164,04;1780,35
751;5,34;162,13;6,17;693,90;1164,04;1780,35
752;5,35;162,13;6,17;693,91;1164,04;1780,35
753;5,35;162,13;6,17;693,91;1164,02;1780,35
754;5,36;167,86;5,96;693,91;1164,04;1780,35
755;5,37;167,86;5,96;693,91;1164,04;1780,35
756;5,37;167,86;5,96;693,92;1164,04;1780,35
757;5,38;167,86;5,96;693,92;1164,05;1780,35
758;5,39;167,86;5,96;693,93;1164,05;1780,35
759;5,39;167,86;5,96;693,93;1164,05;1780,35
760;5,40;167,86;5,96;693,93;1164,05;1780,35
761;5,41;167,86;5,96;693,93;1164,05;1780,35
762;5,41;167,86;5,96;693,94;1164,05;1780,35
763;5,42;167,86;5,96;693,94;1164,05;1780,35
764;5,42;167,86;5,96;693,95;1164,05;1780,35
765;5,43;167,86;5,96;693,95;1164,05;1780,35
766;5,44;167,86;5,96;693,95;1164,05;1780,35
767;5,44;167,86;5,96;693,95;1164,05;1780,35
768;5,45;167,86;5,96;693,96;1164,05;1780,35
769;5,46;167,86;5,96;693,96;1164,05;1780,35
770;5,46;167,86;5,96;693,96;1164,05;1780,35
771;5,47;167,86;5,96;693,97;1164,06;1780,35
772;5,47;167,86;5,96;693,97;1164,06;1780,35
773;5,48;167,86;5,96;693,97;1164,04;1780,35
774;5,49;167,86;5,96;693,98;1164,06;1780,35
775;5,49;167,86;5,96;693,98;1164,06;1780,35
776;5,50;167,86;5,96;693,98;1164,06;1780,35
777;5,50;167,86;5,96;693,99;1164,06;1780,35
778;5,51;167,86;5,96;693,99;1164,06;1780,35
779;5,52;167,86;5,96;693,99;1164,06;1780,35
780;5,52;167,86;5,96;694,00;1164,06;1780,35
781;5,53;167,86;5,96;694,00;1164,06;1780,35
782;5,54;167,86;5,96;694,00;1164,07;1780,35
783;5,54;167,86;5,96;694,00;1164,07;1780,35
784;5,55;167,86;5,96;694,01;1164,07;1780,35
785;5,56;167,86;5,96;694,01;1164,07;1780,35
786;5,56;167,86;5,96;694,02;1164,07;1780,35
787;5,57;167,86;5,96;694,02;1164,07;1780,35
788;5,57;167,86;5,96;694,02;1164,07;1780,35
789;5,58;167,86;5,96;694,02;1164,07;1780,35
790;5,59;167,86;5,96;694,03;1164,07;1780,35
791;5,59;167,86;5,96;694,03;1164,07;1780,35
792;5,60;167,86;5,96;694,04;1164,07;1780,35
793;5,61;167,86;5,96;694,04;1164,06;1780,35
794;5,61;167,86;5,96;694,04;1164,07;1780,35
795;5,62;167,86;5,96;694,04;1164,08;1780,35
796;5,62;167,86;5,96;694,05;1164,08;1780,35
797;5,63;167,86;5,96;694,05;1164,08;1780,35
798;5,64;167,86;5,96;694,05;1164,08;1780,35
799;5,64;167,86;5,96;694,06;1164,08;1780,35
800;5,65;167,86;5,96;694,06;1164,08;1780,35
801;5,66;167,86;5,96;694,07;1164,08;1780,35
802;5,66;167,86;5,96;694,07;1164,08;1780,35
803;5,67;167,86;5,96;694,07;1164,08;1780,35
804;5,68;167,86;5,96;694,07;1164,09;1780,35
805;5,68;167,86;5,96;694,08;1164,09;1780,35
806;5,69;167,86;5,96;694,08;1164,09;1780,35
807;5,70;157,94;6,33;694,09;1164,09;1780,35
808;5,70;157,94;6,33;694,09;1164,09;1780,35
809;5,71;157,94;6,33;694,09;1164,09;1780,35
810;5,72;157,94;6,33;694,09;1164,09;1780,35
811;5,72;157,94;6,33;694,10;1164,09;1780,35
812;5,73;157,94;6,33;694,10;1164,09;1780,35
813;5,73;157,94;6,33;694,11;1164,08;1780,35
814;5,74;157,94;6,33;694,11;1164,09;1780,35
815;5,74;157,94;6,33;694,11;1164,09;1780,35
816;5,75;157,94;6,33;694,12;1164,09;1780,35
817;5,76;157,94;6,33;694,12;1164,10;1780,35
818;5,76;157,94;6,33;694,12;1164,10;1780,35
819;5,77;157,94;6,33;694,13;1164,10;1780,35
820;5,78;157,94;6,33;694,13;1164,10;1780,35
821;5,78;157,94;6,33;694,13;1164,10;1780,35
822;5,79;157,94;6,33;694,14;1164,10;1780,35
823;5,79;157,94;6,33;694,14;1164,10;1780,35
824;5,80;157,94;6,33;694,14;1164,10;1780,35
825;5,81;157,94;6,33;694,14;1164,10;1780,35
826;5,81;157,94;6,33;694,15;1164,10;1780,35
827;5,82;157,94;6,33;694,15;1164,10;1780,35
828;5,83;157,94;6,33;694,16;1164,11;1780,35
829;5,83;157,94;6,33;694,16;1164,11;1780,35
830;5,84;157,94;6,33;694,16;1164,11;1780,35
831;5,85;157,94;6,33;694,17;1164,11;1780,35
832;5,85;157,94;6,33;694,17;1164,11;1780,35
833;5,86;157,94;6,33;694,17;1164,11;1780,35
834;5,87;157,94;6,33;694,17;1164,11;1780,35
835;5,87;157,94;6,33;694,18;1164,11;1780,35
836;5,88;157,94;6,33;694,18;1164,11;1780,35
837;5,89;157,94;6,33;694,18;1164,11;1780,35
838;5,89;157,94;6,33;694,19;1164,11;1780,35
839;5,90;157,94;6,33;694,19;1164,12;1780,35
840;5,91;157,94;6,33;694,19;1164,12;1780,35
841;5,91;157,94;6,33;694,20;1164,12;1780,35
842;5,92;157,94;6,33;694,20;1164,12;1780,35
843;5,93;157,94;6,33;694,20;1164,12;1780,35
844;5,93;157,94;6,33;694,21;1164,12;1780,35
845;5,94;157,94;6,33;694,21;1164,12;1780,35
846;5,94;157,94;6,33;694,21;1164,12;1780,35
847;5,95;157,94;6,33;694,22;1164,12;1780,35
848;5,96;157,94;6,33;694,22;1164,12;1780,35
849;5,96;157,94;6,33;694,22;1164,12;1780,35
850;5,97;157,94;6,33;694,23;1164,12;1780,35
851;5,97;157,94;6,33;694,23;1164,13;1780,35
852;5,98;157,94;6,33;694,23;1164,11;1780,35
853;5,99;157,94;6,33;694,23;1164,12;1780,35
854;6,00;157,94;6,33;694,24;1164,13;1780,35
855;6,00;157,94;6,33;694,24;1164,13;1780,35
856;6,01;157,94;6,33;694,25;1164,13;1780,35
857;6,01;157,94;6,33;694,25;1164,19;1780,35
858;6,02;157,94;6,33;694,25;1164,13;1780,35
859;6,03;157,94;6,33;694,25;1164,13;1780,35
860;6,03;157,03;6,37;694,26;1164,13;1780,35
861;6,04;157,03;6,37;694,27;1164,13;1780,35
862;6,05;157,03;6,37;694,27;1164,13;1780,35
863;6,05;157,03;6,37;694,27;1164,14;1780,35
864;6,06;157,03;6,37;694,27;1164,14;1780,35
865;6,07;157,03;6,37;694,28;1164,14;1780,35
866;6,07;157,03;6,37;694,28;1164,14;1780,35
867;6,08;157,03;6,37;694,29;1164,14;1780,35
868;6,08;157,03;6,37;694,29;1164,14;1780,35
869;6,09;157,03;6,37;694,29;1164,14;1780,35
870;6,10;157,03;6,37;694,29;1164,14;1780,35
871;6,10;157,03;6,37;694,30;1164,14;1780,35
872;6,11;157,03;6,37;694,30;1164,15;1780,35
873;6,12;157,03;6,37;694,30;1164,15;1780,35
874;6,12;157,03;6,37;694,30;1164,15;1780,35
875;6,13;157,03;6,37;694,31;1164,15;1780,35
876;6,13;157,03;6,37;694,32;1164,15;1780,35
877;6,14;157,03;6,37;694,32;1164,15;1780,35
878;6,15;157,03;6,37;694,32;1164,16;1780,35
879;6,15;157,03;6,37;694,32;1164,16;1780,35
880;6,16;157,03;6,37;694,33;1164,16;1780,35
881;6,16;157,03;6,37;694,33;1164,16;1780,35
882;6,17;157,03;6,37;694,34;1164,16;1780,35
883;6,18;157,03;6,37;694,34;1164,16;1780,35
884;6,18;157,03;6,37;694,34;1164,16;1780,35
885;6,19;157,03;6,37;694,34;1164,16;1780,35
886;6,20;157,03;6,37;694,35;1164,16;1780,35
887;6,20;157,03;6,37;694,35;1164,16;1780,35
888;6,21;157,03;6,37;694,35;1164,16;1780,35
889;6,21;157,03;6,37;694,36;1164,16;1780,35
890;6,22;157,03;6,37;694,36;1164,17;1780,35
891;6,23;157,03;6,37;694,36;1164,17;1780,35
892;6,23;157,03;6,37;694,37;1164,15;1780,35
893;6,24;157,03;6,37;694,37;1164,17;1780,35
894;6,24;157,03;6,37;694,37;1164,17;1780,35
895;6,25;157,03;6,37;694,38;1164,17;1780,35
896;6,26;157,03;6,37;694,38;1164,17;1780,35
897;6,26;157,03;6,37;694,38;1164,17;1780,35
898;6,27;157,03;6,37;694,39;1164,17;1780,35
899;6,27;157,03;6,37;694,39;1164,17;1780,35
900;6,28;157,03;6,37;694,39;1164,17;1780,35
901;6,28;157,03;6,37;694,39;1164,18;1780,35
902;6,29;157,03;6,37;694,40;1164,18;1780,35
903;6,30;157,03;6,37;694,40;1164,18;1780,35
904;6,30;157,03;6,37;694,40;1164,18;1780,35
905;6,31;157,03;6,37;694,41;1164,18;1780,35
906;6,31;157,03;6,37;694,41;1164,18;1780,35
907;6,32;157,03;6,37;694,41;1164,18;1780,35
908;6,32;157,03;6,37;694,42;1164,18;1780,35
909;6,33;157,03;6,37;694,42;1164,18;1780,35
910;6,33;157,03;6,37;694,43;1164,18;1780,35
911;6,34;157,03;6,37;694,43;1164,18;1780,35
912;6,34;157,03;6,37;694,43;1164,18;1780,35
913;6,35;157,03;6,37;694,43;1164,18;1780,35
914;6,36;157,03;6,37;694,44;1164,16;1780,35
915;6,36;157,03;6,37;694,44;1164,18;1780,35
916;6,37;167,85;5,96;694,45;1164,18;1780,35
917;6,37;167,85;5,96;694,45;1164,18;1780,35
918;6,38;167,85;5,96;694,45;1164,18;1780,35
919;6,38;167,85;5,96;694,45;1164,18;1780,35
920;6,39;167,85;5,96;694,46;1164,19;1780,35
921;6,40;167,85;5,96;694,46;1164,19;1780,35
922;6,40;167,85;5,96;694,46;1164,19;1780,35
923;6,41;167,85;5,96;694,47;1164,19;1780,35
924;6,41;167,85;5,96;694,47;1164,19;1780,35
925;6,42;167,85;5,96;694,48;1164,19;1780,35
926;6,42;167,85;5,96;694,48;1164,19;1780,35
927;6,43;167,85;5,96;694,48;1164,19;1780,35
928;6,44;167,85;5,96;694,48;1164,19;1780,35
929;6,44;167,85;5,96;694,49;1164,19;1780,35
930;6,45;167,85;5,96;694,49;1164,19;1780,35
931;6,45;167,85;5,96;694,50;1164,19;1780,35
932;6,46;167,85;5,96;694,50;1164,20;1780,35
933;6,46;167,85;5,96;694,50;1164,20;1780,35
934;6,47;167,85;5,96;694,50;1164,20;1780,35
935;6,47;167,85;5,96;694,51;1164,20;1780,35
936;6,48;167,85;5,96;694,51;1164,18;1780,35
937;6,49;167,85;5,96;694,52;1164,20;1780,35
938;6,49;167,85;5,96;694,52;1164,20;1780,35
939;6,50;167,85;5,96;694,52;1164,20;1780,35
940;6,50;167,85;5,96;694,53;1164,20;1780,35
941;6,51;167,85;5,96;694,53;1164,20;1780,35
942;6,51;167,85;5,96;694,53;1164,20;1780,35
943;6,52;167,85;5,96;694,54;1164,20;1780,35
944;6,52;167,85;5,96;694,54;1164,21;1780,35
945;6,53;167,85;5,96;694,54;1164,21;1780,35
946;6,54;167,85;5,96;694,55;1164,21;1780,35
947;6,54;167,85;5,96;694,55;1164,21;1780,35
948;6,55;167,85;5,96;694,55;1164,21;1780,35
949;6,55;167,85;5,96;694,55;1164,21;1780,35
950;6,56;167,85;5,96;694,56;1164,21;1780,35
951;6,56;167,85;5,96;694,56;1164,21;1780,35
952;6,57;167,85;5,96;694,56;1164,21;1780,35
953;6,57;167,85;5,96;694,57;1164,21;1780,35
954;6,58;167,85;5,96;694,57;1164,21;1780,35
955;6,59;167,85;5,96;694,57;1164,22;1780,35
956;6,59;167,85;5,96;694,58;1164,22;1780,35
957;6,60;167,85;5,96;694,58;1164,22;1780,35
958;6,60;167,85;5,96;694,58;1164,22;1780,35
959;6,61;167,85;5,96;694,59;1164,22;1780,35
960;6,61;167,85;5,96;694,59;1164,22;1780,35
961;6,62;167,85;5,96;694,59;1164,22;1780,35
962;6,62;167,85;5,96;694,60;1164,22;1780,35
963;6,63;167,85;5,96;694,60;1164,22;1780,35
964;6,64;167,85;5,96;694,60;1164,22;1780,35
965;6,64;167,85;5,96;694,61;1164,22;1780,35
966;6,65;167,85;5,96;694,61;1164,22;1780,35
967;6,65;167,85;5,96;694,61;1164,23;1780,35
968;6,66;167,85;5,96;694,62;1164,23;1780,35
969;6,66;167,85;5,96;694,62;1164,23;1780,35
970;6,67;167,85;5,96;694,63;1164,23;1780,35
971;6,68;167,85;5,96;694,63;1164,23;1780,35
972;6,68;167,85;5,96;694,63;1164,23;1780,35
973;6,69;167,85;5,96;694,63;1164,23;1780,35
974;6,69;167,85;5,96;694,64;1164,23;1780,35
975;6,70;167,85;5,96;694,64;1164,23;1780,35
976;6,70;178,12;5,61;694,64;1164,23;1780,35
977;6,72;178,12;5,61;694,64;1164,23;1780,35
978;6,72;178,12;5,61;694,66;1164,24;1780,35
979;6,73;178,12;5,61;694,66;1164,22;1780,35
980;6,74;178,12;5,61;694,66;1164,23;1780,35
981;6,74;178,12;5,61;694,67;1164,24;1780,35
982;6,75;178,12;5,61;694,67;1164,24;1780,35
983;6,75;178,12;5,61;694,68;1164,24;1780,35
984;6,76;178,12;5,61;694,68;1164,24;1780,35
985;6,76;178,12;5,61;694,68;1164,24;1780,35
986;6,77;178,12;5,61;694,69;1164,24;1780,35
987;6,77;178,12;5,61;694,70;1164,24;1780,35
988;6,78;178,12;5,61;694,70;1164,24;1780,35
989;6,78;178,12;5,61;694,71;1164,25;1780,35
990;6,79;178,12;5,61;694,71;1164,25;1780,35
991;6,80;178,12;5,61;694,72;1164,25;1780,35
992;6,80;178,12;5,61;694,72;1164,25;1780,35
993;6,81;178,12;5,61;694,72;1164,25;1780,35
994;6,81;178,12;5,61;694,73;1164,25;1780,35
995;6,82;178,12;5,61;694,73;1164,25;1780,35
996;6,82;178,12;5,61;694,74;1164,25;1780,35
997;6,83;178,12;5,61;694,75;1164,25;1780,35
998;6,83;178,12;5,61;694,75;1164,25;1780,35
999;6,84;178,12;5,61;694,75;1164,25;1780,35
1000;6,84;178,12;5,61;694,76;1164,25;1780,35
1001;6,85;178,12;5,61;694,76;1164,26;1780,35
1002;6,86;178,12;5,61;694,77;1164,24;1780,35
1003;6,86;178,12;5,61;694,77;1164,25;1780,35
1004;6,87;178,12;5,61;694,78;1164,26;1780,35
1005;6,87;178,12;5,61;694,78;1164,26;1780,35
1006;6,88;178,12;5,61;694,79;1164,26;1780,35
1007;6,88;178,12;5,61;694,79;1164,26;1780,35
1008;6,89;178,12;5,61;694,80;1164,26;1780,35
1009;6,89;178,12;5,61;694,80;1164,26;1780,35
1010;6,90;178,12;5,61;694,81;1164,26;1780,35
1011;6,90;178,12;5,61;694,81;1164,26;1780,35
1012;6,91;178,12;5,61;694,81;1164,27;1780,35
1013;6,92;178,12;5,61;694,82;1164,27;1780,35
1014;6,92;178,12;5,61;694,82;1164,27;1780,35
1015;6,93;178,12;5,61;694,82;1164,27;1780,35
1016;6,93;178,12;5,61;694,84;1164,27;1780,35
1017;6,94;178,12;5,61;694,84;1164,27;1780,35
1018;6,94;178,12;5,61;694,84;1164,27;1780,35
1019;6,95;178,12;5,61;694,85;1164,27;1780,35
1020;6,96;178,12;5,61;694,85;1164,27;1780,35
1021;6,96;178,12;5,61;694,86;1164,27;1780,35
1022;6,97;178,12;5,61;694,86;1164,27;1780,35
1023;6,97;178,12;5,61;694,87;1164,27;1780,35
1024;6,98;178,12;5,61;694,87;1164,28;1780,35
1025;6,98;178,12;5,61;694,89;1164,28;1780,35
1026;6,99;178,12;5,61;694,90;1164,28;1780,35
1027;6,99;178,12;5,61;694,91;1164,28;1780,35
1028;7,00;178,12;5,61;694,91;1164,28;1780,35
1029;7,00;178,12;5,61;694,92;1164,28;1780,35
1030;7,01;178,12;5,61;694,92;1164,28;1780,35
1031;7,02;178,12;5,61;694,92;1164,28;1780,35
1032;7,02;178,12;5,61;694,93;1164,28;1780,35
1033;7,03;178,12;5,61;694,93;1164,28;1780,35
1034;7,03;178,12;5,61;694,94;1164,28;1780,35
1035;7,04;176,89;5,65;694,95;1164,29;1780,35
1036;7,04;176,89;5,65;694,95;1164,29;1780,35
1037;7,05;176,89;5,65;694,95;1164,29;1780,35
1038;7,05;176,89;5,65;694,96;1164,29;1780,35
1039;7,06;176,89;5,65;694,96;1164,29;1780,35
1040;7,07;176,89;5,65;694,97;1164,29;1780,35
1041;7,07;176,89;5,65;694,97;1164,29;1780,35
1042;7,08;176,89;5,65;694,98;1164,29;1780,35
1043;7,08;176,89;5,65;694,98;1164,29;1780,35
1044;7,09;176,89;5,65;694,98;1164,29;1780,35
1045;7,09;176,89;5,65;694,99;1164,29;1780,35
1046;7,10;176,89;5,65;695,00;1164,29;1780,35
1047;7,10;176,89;5,65;695,00;1164,27;1780,35
1048;7,11;176,89;5,65;695,01;1164,29;1780,35
1049;7,12;176,89;5,65;695,01;1164,30;1780,35
1050;7,12;176,89;5,65;695,01;1164,30;1780,35
1051;7,13;176,89;5,65;695,02;1164,30;1780,35
1052;7,13;176,89;5,65;695,02;1164,30;1780,35
1053;7,14;176,89;5,65;695,03;1164,30;1780,35
1054;7,14;176,89;5,65;695,03;1164,30;1780,35
1055;7,15;176,89;5,65;695,04;1164,30;1780,35
1056;7,16;176,89;5,65;695,04;1164,30;1780,35
1057;7,16;176,89;5,65;695,05;1164,30;1780,35
1058;7,17;176,89;5,65;695,05;1164,30;1780,35
1059;7,17;176,89;5,65;695,06;1164,30;1780,35
1060;7,18;176,89;5,65;695,06;1164,30;1780,35
1061;7,18;176,89;5,65;695,07;1164,31;1780,35
1062;7,19;176,89;5,65;695,07;1164,31;1780,35
1063;7,19;176,89;5,65;695,07;1164,31;1780,35
1064;7,20;176,89;5,65;695,09;1164,31;1780,35
1065;7,20;176,89;5,65;695,09;1164,31;1780,35
1066;7,21;176,89;5,65;695,09;1164,31;1780,35
1067;7,22;176,89;5,65;695,10;1164,31;1780,35
1068;7,22;176,89;5,65;695,10;1164,31;1780,35
1069;7,23;176,89;5,65;695,10;1164,30;1780,35
1070;7,23;176,89;5,65;695,11;1164,31;1780,35
1071;7,24;176,89;5,65;695,11;1164,31;1780,35
1072;7,25;176,89;5,65;695,12;1164,32;1780,35
1073;7,25;176,89;5,65;695,13;1164,32;1780,35
1074;7,26;176,89;5,65;695,13;1164,32;1780,35
1075;7,26;176,89;5,65;695,14;1164,32;1780,35
1076;7,27;176,89;5,65;695,14;1164,32;1780,35
1077;7,27;176,89;5,65;695,14;1164,32;1780,35
1078;7,28;176,89;5,65;695,15;1164,32;1780,35
1079;7,28;176,89;5,65;695,16;1164,32;1780,35
1080;7,29;176,89;5,65;695,16;1164,32;1780,35
1081;7,30;176,89;5,65;695,17;1164,32;1780,35
1082;7,30;176,89;5,65;695,17;1164,32;1780,35
1083;7,31;176,89;5,65;695,18;1164,32;1780,35
1084;7,31;176,89;5,65;695,18;1164,33;1780,35
1085;7,32;176,89;5,65;695,18;1164,33;1780,35
1086;7,32;176,89;5,65;695,19;1164,33;1780,35
1087;7,33;176,89;5,65;695,20;1164,33;1780,35
1088;7,34;176,89;5,65;695,20;1164,33;1780,35
1089;7,34;176,89;5,65;695,20;1164,33;1780,35
1090;7,35;176,89;5,65;695,21;1164,33;1780,35
1091;7,35;176,89;5,65;695,21;1164,33;1780,35
1092;7,36;176,89;5,65;695,21;1164,33;1780,35
1093;7,36;176,89;5,65;695,22;1164,33;1780,35
1094;7,37;176,89;5,65;695,23;1164,33;1780,35
1095;7,37;178,23;5,61;695,23;1164,33;1780,35
1096;7,38;178,23;5,61;695,24;1164,34;1780,35
1097;7,39;178,23;5,61;695,25;1164,34;1780,35
1098;7,39;178,23;5,61;695,25;1164,34;1780,35
1099;7,40;178,23;5,61;695,25;1164,34;1780,35
1100;7,40;178,23;5,61;695,27;1164,34;1780,35
1101;7,41;178,23;5,61;695,27;1164,34;1780,35
1102;7,41;178,23;5,61;695,28;1164,34;1780,35
1103;7,42;178,23;5,61;695,28;1164,34;1780,35
1104;7,42;178,23;5,61;695,28;1164,34;1780,35
1105;7,43;178,23;5,61;695,29;1164,34;1780,35
1106;7,44;178,23;5,61;695,30;1164,34;1780,35
1107;7,44;178,23;5,61;695,30;1164,35;1780,35
1108;7,45;178,23;5,61;695,30;1164,35;1780,35
1109;7,45;178,23;5,61;695,31;1164,35;1780,35
1110;7,46;178,23;5,61;695,32;1164,35;1780,35
1111;7,46;178,23;5,61;695,32;1164,35;1780,35
1112;7,47;178,23;5,61;695,33;1164,35;1780,35
1113;7,47;178,23;5,61;695,34;1164,35;1780,35
1114;7,48;178,23;5,61;695,34;1164,34;1780,35
1115;7,49;178,23;5,61;695,35;1164,35;1780,35
1116;7,49;178,23;5,61;695,35;1164,35;1780,35
1117;7,50;178,23;5,61;695,36;1164,35;1780,35
1118;7,50;178,23;5,61;695,36;1164,35;1780,35
1119;7,51;178,23;5,61;695,37;1164,36;1780,35
1120;7,51;178,23;5,61;695,37;1164,36;1780,35
1121;7,52;178,23;5,61;695,38;1164,36;1780,35
1122;7,52;178,23;5,61;695,39;1164,36;1780,35
1123;7,53;178,23;5,61;695,39;1164,36;1780,35
1124;7,54;178,23;5,61;695,40;1164,36;1780,35
1125;7,54;178,23;5,61;695,41;1164,36;1780,35
1126;7,55;178,23;5,61;695,41;1164,36;1780,35
1127;7,56;178,23;5,61;695,41;1164,36;1780,35
1128;7,56;178,23;5,61;695,43;1164,36;1780,35
1129;7,57;178,23;5,61;695,43;1164,36;1780,35
1130;7,58;178,23;5,61;695,43;1164,37;1780,35
1131;7,58;178,23;5,61;695,44;1164,37;1780,35
1132;7,59;178,23;5,61;695,45;1164,37;1780,35
1133;7,59;178,23;5,61;695,45;1164,37;1780,35
1134;7,60;178,23;5,61;695,46;1164,37;1780,35
1135;7,61;178,23;5,61;695,46;1164,35;1780,35
1136;7,61;178,23;5,61;695,46;1164,37;1780,35
1137;7,62;178,23;5,61;695,47;1164,37;1780,35
1138;7,63;178,23;5,61;695,48;1164,37;1780,35
1139;7,63;178,23;5,61;695,48;1164,37;1780,35
1140;7,64;178,23;5,61;695,49;1164,37;1780,35
1141;7,64;178,23;5,61;695,49;1164,38;1780,35
1142;7,65;178,23;5,61;695,50;1164,38;1780,35
1143;7,66;178,23;5,61;695,51;1164,38;1780,35
1144;7,66;178,23;5,61;695,51;1164,38;1780,35
1145;7,67;178,23;5,61;695,52;1164,38;1780,35
1146;7,68;178,23;5,61;695,52;1164,38;1780,35
1147;7,68;178,23;5,61;695,54;1164,38;1780,35
1148;7,69;178,23;5,61;695,54;1164,38;1780,35
1149;7,69;178,23;5,61;695,54;1164,38;1780,35
1150;7,70;178,23;5,61;695,55;1164,38;1780,35
1151;7,71;178,23;5,61;695,56;1164,38;1780,35
1152;7,71;168,60;5,93;695,56;1164,38;1780,35
1153;7,72;168,60;5,93;695,57;1164,39;1780,35
1154;7,73;168,60;5,93;695,57;1164,39;1780,35
1155;7,73;168,60;5,93;695,57;1164,37;1780,35
1156;7,74;168,60;5,93;695,58;1164,39;1780,35
1157;7,74;168,60;5,93;695,59;1164,40;1780,35
1158;7,75;168,60;5,93;695,59;1164,40;1780,35
1159;7,76;168,60;5,93;695,59;1164,40;1780,35
1160;7,76;168,60;5,93;695,61;1164,40;1780,35
1161;7,77;168,60;5,93;695,61;1164,40;1780,35
1162;7,78;168,60;5,93;695,62;1164,40;1780,35
1163;7,78;168,60;5,93;695,62;1164,40;1780,35
1164;7,79;168,60;5,93;695,63;1164,40;1780,35
1165;7,80;168,60;5,93;695,63;1164,40;1780,35
1166;7,80;168,60;5,93;695,64;1164,40;1780,35
1167;7,81;168,60;5,93;695,64;1164,40;1780,35
1168;7,81;168,60;5,93;695,65;1164,41;1780,35
1169;7,82;168,60;5,93;695,65;1164,41;1780,35
1170;7,83;168,60;5,93;695,66;1164,41;1780,35
1171;7,83;168,60;5,93;695,66;1164,41;1780,35
1172;7,84;168,60;5,93;695,68;1164,41;1780,35
1173;7,84;168,60;5,93;695,68;1164,41;1780,35
1174;7,85;168,60;5,93;695,68;1164,41;1780,35
1175;7,86;168,60;5,93;695,69;1164,41;1780,35
1176;7,86;168,60;5,93;695,70;1164,41;1780,35
1177;7,87;168,60;5,93;695,70;1164,41;1780,35
1178;7,88;168,60;5,93;695,70;1164,41;1780,35
1179;7,88;168,60;5,93;695,72;1164,42;1780,35
1180;7,89;168,60;5,93;695,72;1164,42;1780,35
1181;7,90;168,60;5,93;695,73;1164,42;1780,35
1182;7,90;168,60;5,93;695,73;1164,42;1780,35
1183;7,91;168,60;5,93;695,73;1164,42;1780,35
1184;7,91;168,60;5,93;695,74;1164,41;1780,35
1185;7,92;168,60;5,93;695,75;1164,41;1780,35
1186;7,93;168,60;5,93;695,75;1164,41;1780,35
1187;7,93;168,60;5,93;695,76;1164,42;1780,35
1188;7,94;168,60;5,93;695,76;1164,42;1780,35
1189;7,95;168,60;5,93;695,77;1164,42;1780,35
1190;7,95;168,60;5,93;695,78;1164,42;1780,35
1191;7,96;168,60;5,93;695,78;1164,42;1780,35
1192;7,96;168,60;5,93;695,79;1164,42;1780,35
1193;7,97;168,60;5,93;695,79;1164,42;1780,35
1194;7,98;168,60;5,93;695,80;1164,42;1780,35
1195;7,98;168,60;5,93;695,80;1164,40;1780,35
1196;7,99;168,60;5,93;695,81;1164,42;1780,35
1197;8,00;168,60;5,93;695,81;1164,42;1780,35
1198;8,00;168,60;5,93;695,83;1164,42;1780,35
1199;8,01;168,60;5,93;695,83;1164,43;1780,35
1200;8,01;168,60;5,93;695,84;1164,43;1780,35
1201;8,02;168,60;5,93;695,84;1164,43;1780,35
1202;8,02;168,60;5,93;695,84;1164,43;1780,35
1203;8,03;168,60;5,93;695,85;1164,43;1780,35
1204;8,04;168,60;5,93;695,86;1164,43;1780,35
1205;8,04;168,60;5,93;695,86;1164,43;1780,35
1206;8,05;160,84;6,22;695,87;1164,43;1780,35
1207;8,05;160,84;6,22;695,88;1164,43;1780,35
1208;8,06;160,84;6,22;695,88;1164,43;1780,35
1209;8,07;160,84;6,22;695,89;1164,43;1780,35
1210;8,07;160,84;6,22;695,89;1164,44;1780,35
1211;8,08;160,84;6,22;695,90;1164,44;1780,35
1212;8,08;160,84;6,22;695,90;1164,44;1780,35
1213;8,09;160,84;6,22;695,91;1164,44;1780,35
1214;8,10;160,84;6,22;695,91;1164,44;1780,35
1215;8,10;160,84;6,22;695,92;1164,44;1780,35
1216;8,11;160,84;6,22;695,92;1164,42;1780,35
1217;8,11;160,84;6,22;695,93;1164,44;1780,35
1218;8,12;160,84;6,22;695,93;1164,44;1780,35
1219;8,12;160,84;6,22;695,94;1164,44;1780,35
1220;8,13;160,84;6,22;695,95;1164,44;1780,35
1221;8,13;160,84;6,22;695,95;1164,45;1780,35
1222;8,14;160,84;6,22;695,96;1164,45;1780,35
1223;8,15;160,84;6,22;695,97;1164,45;1780,35
1224;8,15;160,84;6,22;695,97;1164,45;1780,35
1225;8,16;160,84;6,22;695,98;1164,45;1780,35
1226;8,16;160,84;6,22;695,98;1164,45;1780,35
1227;8,17;160,84;6,22;695,99;1164,45;1780,35
1228;8,17;160,84;6,22;696,00;1164,45;1780,35
1229;8,18;160,84;6,22;696,00;1164,45;1780,35
1230;8,19;160,84;6,22;696,01;1164,45;1780,35
1231;8,19;160,84;6,22;696,01;1164,45;1780,35
1232;8,20;160,84;6,22;696,02;1164,45;1780,35
1233;8,20;160,84;6,22;696,02;1164,46;1780,35
1234;8,21;160,84;6,22;696,03;1164,46;1780,35
1235;8,21;160,84;6,22;696,03;1164,46;1780,35
1236;8,22;160,84;6,22;696,04;1164,46;1780,35
1237;8,23;160,84;6,22;696,05;1164,46;1780,35
1238;8,23;160,84;6,22;696,05;1164,44;1780,35
1239;8,24;160,84;6,22;696,06;1164,46;1780,35
1240;8,24;160,84;6,22;696,06;1164,46;1780,35
1241;8,25;160,84;6,22;696,07;1164,46;1780,35
1242;8,25;160,84;6,22;696,07;1164,46;1780,35
1243;8,26;160,84;6,22;696,08;1164,46;1780,35
1244;8,27;160,84;6,22;696,08;1164,46;1780,35
1245;8,27;160,84;6,22;696,09;1164,47;1780,35
1246;8,28;160,84;6,22;696,10;1164,47;1780,35
1247;8,28;160,84;6,22;696,11;1164,47;1780,35
1248;8,29;160,84;6,22;696,11;1164,47;1780,35
1249;8,29;160,84;6,22;696,12;1164,47;1780,35
1250;8,30;160,84;6,22;696,12;1164,47;1780,35
1251;8,31;160,84;6,22;696,13;1164,47;1780,35
1252;8,31;160,84;6,22;696,14;1164,47;1780,35
1253;8,32;160,84;6,22;696,14;1164,47;1780,35
1254;8,32;160,84;6,22;696,14;1164,47;1780,35
1255;8,33;160,84;6,22;696,15;1164,47;1780,35
1256;8,33;160,84;6,22;696,16;1164,48;1780,35
1257;8,34;160,84;6,22;696,16;1164,48;1780,35
1258;8,35;160,84;6,22;696,16;1164,48;1780,35
1259;8,35;160,84;6,22;696,17;1164,48;1780,35
1260;8,36;160,84;6,22;696,18;1164,46;1780,35
1261;8,36;160,84;6,22;696,18;1164,48;1780,35
1262;8,37;160,84;6,22;696,19;1164,48;1780,35
1263;8,37;160,84;6,22;696,20;1164,48;1780,35
1264;8,38;160,84;6,22;696,20;1164,48;1780,35
1265;8,39;175,00;5,71;696,20;1164,48;1780,35
1266;8,39;175,00;5,71;696,21;1164,48;1780,35
1267;8,40;175,00;5,71;696,21;1164,48;1780,35
1268;8,40;175,00;5,71;696,23;1164,49;1780,35
1269;8,41;175,00;5,71;696,23;1164,49;1780,35
1270;8,42;175,00;5,71;696,23;1164,49;1780,35
1271;8,42;175,00;5,71;696,24;1164,49;1780,35
1272;8,43;175,00;5,71;696,25;1164,49;1780,35
1273;8,43;175,00;5,71;696,25;1164,49;1780,35
1274;8,44;175,00;5,71;696,26;1164,49;1780,35
1275;8,44;175,00;5,71;696,27;1164,49;1780,35
1276;8,45;175,00;5,71;696,27;1164,49;1780,35
1277;8,46;175,00;5,71;696,28;1164,49;1780,35
1278;8,46;175,00;5,71;696,28;1164,49;1780,35
1279;8,47;175,00;5,71;696,29;1164,50;1780,35
1280;8,47;175,00;5,71;696,29;1164,50;1780,35
1281;8,48;175,00;5,71;696,30;1164,50;1780,35
1282;8,48;175,00;5,71;696,30;1164,49;1780,35
1283;8,49;175,00;5,71;696,31;1164,50;1780,35
1284;8,50;175,00;5,71;696,32;1164,50;1780,35
1285;8,50;175,00;5,71;696,32;1164,50;1780,35
1286;8,51;175,00;5,71;696,32;1164,50;1780,35
1287;8,51;175,00;5,71;696,34;1164,50;1780,35
1288;8,52;175,00;5,71;696,34;1164,50;1780,35
1289;8,52;175,00;5,71;696,34;1164,50;1780,35
1290;8,53;175,00;5,71;696,35;1164,51;1780,35
1291;8,54;175,00;5,71;696,36;1164,51;1780,35
1292;8,54;175,00;5,71;696,36;1164,51;1780,35
1293;8,55;175,00;5,71;696,36;1164,51;1780,35
1294;8,55;175,00;5,71;696,37;1164,51;1780,35
1295;8,56;175,00;5,71;696,38;1164,51;1780,35
1296;8,56;175,00;5,71;696,38;1164,51;1780,35
1297;8,57;175,00;5,71;696,39;1164,51;1780,35
1298;8,58;175,00;5,71;696,40;1164,51;1780,35
1299;8,58;175,00;5,71;696,40;1164,51;1780,35
1300;8,59;175,00;5,71;696,41;1164,51;1780,35
1301;8,59;175,00;5,71;696,42;1164,51;1780,35
1302;8,60;175,00;5,71;696,42;1164,52;1780,35
1303;8,60;175,00;5,71;696,43;1164,50;1780,35
1304;8,61;175,00;5,71;696,43;1164,51;1780,35
1305;8,62;175,00;5,71;696,44;1164,52;1780,35
1306;8,62;175,00;5,71;696,45;1164,52;1780,35
1307;8,63;175,00;5,71;696,45;1164,52;1780,35
1308;8,63;175,00;5,71;696,45;1164,52;1780,35
1309;8,64;175,00;5,71;696,46;1164,52;1780,35
1310;8,64;175,00;5,71;696,46;1164,52;1780,35
1311;8,65;175,00;5,71;696,47;1164,52;1780,35
1312;8,66;175,00;5,71;696,47;1164,52;1780,35
1313;8,66;175,00;5,71;696,48;1164,52;1780,35
1314;8,67;175,00;5,71;696,49;1164,53;1780,35
1315;8,67;175,00;5,71;696,49;1164,53;1780,35
1316;8,68;175,00;5,71;696,50;1164,53;1780,35
1317;8,68;175,00;5,71;696,50;1164,53;1780,35
1318;8,69;175,00;5,71;696,51;1164,53;1780,35
1319;8,70;175,00;5,71;696,52;1164,53;1780,35
1320;8,70;175,00;5,71;696,52;1164,53;1780,35
1321;8,71;175,00;5,71;696,52;1164,53;1780,35
1322;8,72;175,00;5,71;696,54;1164,53;1780,35
1323;8,72;172,26;5,81;696,54;1164,53;1780,35
1324;8,73;172,26;5,81;696,55;1164,52;1780,35
1325;8,74;172,26;5,81;696,55;1164,53;1780,35
1326;8,74;172,26;5,81;696,56;1164,54;1780,35
1327;8,75;172,26;5,81;696,56;1164,54;1780,35
1328;8,75;172,26;5,81;696,57;1164,54;1780,35
1329;8,76;172,26;5,81;696,57;1164,54;1780,35
1330;8,77;172,26;5,81;696,58;1164,54;1780,35
1331;8,77;172,26;5,81;696,59;1164,54;1780,35
1332;8,78;172,26;5,81;696,59;1164,54;1780,35
1333;8,78;172,26;5,81;696,60;1164,54;1780,35
1334;8,79;172,26;5,81;696,60;1164,54;1780,35
1335;8,79;172,26;5,81;696,61;1164,54;1780,35
1336;8,80;172,26;5,81;696,61;1164,55;1780,35
1337;8,80;172,26;5,81;696,62;1164,55;1780,35
1338;8,81;172,26;5,81;696,63;1164,55;1780,35
1339;8,82;172,26;5,81;696,63;1164,55;1780,35
1340;8,82;172,26;5,81;696,63;1164,55;1780,35
1341;8,83;172,26;5,81;696,64;1164,55;1780,35
1342;8,83;172,26;5,81;696,64;1164,55;1780,35
1343;8,84;172,26;5,81;696,65;1164,55;1780,35
1344;8,84;172,26;5,81;696,66;1164,55;1780,35
1345;8,85;172,26;5,81;696,66;1164,55;1780,35
1346;8,86;172,26;5,81;696,67;1164,55;1780,35
1347;8,86;172,26;5,81;696,68;1164,55;1780,35
1348;8,87;172,26;5,81;696,69;1164,56;1780,35
1349;8,87;172,26;5,81;696,69;1164,56;1780,35
1350;8,88;172,26;5,81;696,70;1164,56;1780,35
1351;8,88;172,26;5,81;696,70;1164,56;1780,35
1352;8,89;172,26;5,81;696,71;1164,56;1780,35
1353;8,89;172,26;5,81;696,71;1164,56;1780,35
1354;8,90;172,26;5,81;696,72;1164,56;1780,35
1355;8,91;172,26;5,81;696,72;1164,56;1780,35
1356;8,91;172,26;5,81;696,73;1164,56;1780,35
1357;8,92;172,26;5,81;696,73;1164,56;1780,35
1358;8,92;172,26;5,81;696,74;1164,56;1780,35
1359;8,93;172,26;5,81;696,74;1164,57;1780,35
1360;8,93;172,26;5,81;696,75;1164,57;1780,35
1361;8,94;172,26;5,81;696,76;1164,57;1780,35
1362;8,95;172,26;5,81;696,76;1164,57;1780,35
1363;8,95;172,26;5,81;696,77;1164,57;1780,35
1364;8,96;172,26;5,81;696,77;1164,57;1780,35
1365;8,96;172,26;5,81;696,78;1164,57;1780,35
1366;8,97;172,26;5,81;696,79;1164,57;1780,35
1367;8,97;172,26;5,81;696,79;1164,57;1780,35
1368;8,98;172,26;5,81;696,79;1164,56;1780,35
1369;8,99;172,26;5,81;696,80;1164,57;1780,35
1370;8,99;172,26;5,81;696,80;1164,57;1780,35
1371;9,00;172,26;5,81;696,82;1164,58;1780,35
1372;9,00;172,26;5,81;696,82;1164,58;1780,35
1373;9,01;172,26;5,81;696,83;1164,58;1780,35
1374;9,01;172,26;5,81;696,83;1164,58;1780,35
1375;9,02;172,26;5,81;696,84;1164,58;1780,35
1376;9,03;172,26;5,81;696,84;1164,58;1780,35
1377;9,03;172,26;5,81;696,85;1164,58;1780,35
1378;9,04;172,26;5,81;696,86;1164,58;1780,35
1379;9,04;172,26;5,81;696,86;1164,58;1780,35
1380;9,05;172,26;5,81;696,87;1164,58;1780,35
1381;9,05;172,26;5,81;696,87;1164,58;1780,35
1382;9,06;174,67;5,73;696,88;1164,59;1780,35
1383;9,07;174,67;5,73;696,88;1164,59;1780,35
1384;9,07;174,67;5,73;696,89;1164,59;1780,35
1385;9,08;174,67;5,73;696,89;1164,59;1780,35
1386;9,08;174,67;5,73;696,90;1164,59;1780,35
1387;9,09;174,67;5,73;696,90;1164,59;1780,35
1388;9,09;174,67;5,73;696,91;1164,59;1780,35
1389;9,10;174,67;5,73;696,92;1164,59;1780,35
1390;9,11;174,67;5,73;696,93;1164,57;1780,35
1391;9,11;174,67;5,73;696,93;1164,59;1780,35
1392;9,12;174,67;5,73;696,93;1164,59;1780,35
1393;9,12;174,67;5,73;696,94;1164,59;1780,35
1394;9,13;174,67;5,73;696,95;1164,60;1780,35
1395;9,13;174,67;5,73;696,95;1164,60;1780,35
1396;9,14;174,67;5,73;696,96;1164,60;1780,35
1397;9,15;174,67;5,73;696,96;1164,60;1780,35
1398;9,15;174,67;5,73;696,96;1164,60;1780,35
1399;9,16;174,67;5,73;696,98;1164,60;1780,35
1400;9,16;174,67;5,73;696,98;1164,60;1780,35
1401;9,17;174,67;5,73;696,99;1164,60;1780,35
1402;9,17;174,67;5,73;696,99;1164,60;1780,35
1403;9,18;174,67;5,73;697,00;1164,60;1780,35
1404;9,19;174,67;5,73;697,00;1164,60;1780,35
1405;9,19;174,67;5,73;697,01;1164,61;1780,35
1406;9,20;174,67;5,73;697,01;1164,61;1780,35
1407;9,20;174,67;5,73;697,02;1164,61;1780,35
1408;9,21;174,67;5,73;697,03;1164,61;1780,35
1409;9,21;174,67;5,73;697,04;1164,61;1780,35
1410;9,22;174,67;5,73;697,04;1164,61;1780,35
1411;9,23;174,67;5,73;697,04;1164,61;1780,35
1412;9,23;174,67;5,73;697,05;1164,59;1780,35
1413;9,24;174,67;5,73;697,05;1164,61;1780,35
1414;9,24;174,67;5,73;697,06;1164,61;1780,35
1415;9,25;174,67;5,73;697,07;1164,61;1780,35
1416;9,25;174,67;5,73;697,07;1164,61;1780,35
1417;9,26;174,67;5,73;697,07;1164,62;1780,35
1418;9,26;174,67;5,73;697,09;1164,62;1780,35
1419;9,27;174,67;5,73;697,09;1164,62;1780,35
1420;9,28;174,67;5,73;697,09;1164,62;1780,35
1421;9,28;174,67;5,73;697,10;1164,62;1780,35
1422;9,29;174,67;5,73;697,11;1164,62;1780,35
1423;9,29;174,67;5,73;697,11;1164,62;1780,35
1424;9,30;174,67;5,73;697,12;1164,62;1780,35
1425;9,30;174,67;5,73;697,13;1164,62;1780,35
1426;9,31;174,67;5,73;697,13;1164,62;1780,35
1427;9,32;174,67;5,73;697,14;1164,62;1780,35
1428;9,32;174,67;5,73;697,14;1164,62;1780,35
1429;9,33;174,67;5,73;697,15;1164,63;1780,35
1430;9,33;174,67;5,73;697,15;1164,63;1780,35
1431;9,34;174,67;5,73;697,16;1164,63;1780,35
1432;9,34;174,67;5,73;697,16;1164,63;1780,35
1433;9,35;174,67;5,73;697,17;1164,63;1780,35
1434;9,36;174,67;5,73;697,18;1164,61;1780,35
1435;9,36;174,67;5,73;697,18;1164,63;1780,35
1436;9,37;174,67;5,73;697,18;1164,63;1780,35
1437;9,37;174,67;5,73;697,20;1164,63;1780,35
1438;9,38;174,67;5,73;697,20;1164,63;1780,35
1439;9,38;174,67;5,73;697,20;1164,63;1780,35
1440;9,39;174,67;5,73;697,21;1164,64;1780,35
1441;9,40;174,88;5,72;697,21;1164,64;1780,35
1442;9,40;174,88;5,72;697,22;1164,64;1780,35
1443;9,41;174,88;5,72;697,23;1164,64;1780,35
1444;9,41;174,88;5,72;697,23;1164,64;1780,35
1445;9,42;174,88;5,72;697,24;1164,64;1780,35
1446;9,43;174,88;5,72;697,24;1164,64;1780,35
1447;9,43;174,88;5,72;697,25;1164,64;1780,35
1448;9,44;174,88;5,72;697,26;1164,64;1780,35
1449;9,44;174,88;5,72;697,26;1164,64;1780,35
1450;9,45;174,88;5,72;697,27;1164,64;1780,35
1451;9,45;174,88;5,72;697,27;1164,65;1780,35
1452;9,46;174,88;5,72;697,28;1164,65;1780,35
1453;9,46;174,88;5,72;697,29;1164,65;1780,35
1454;9,47;174,88;5,72;697,29;1164,65;1780,35
1455;9,48;174,88;5,72;697,30;1164,65;1780,35
1456;9,48;174,88;5,72;697,30;1164,63;1780,35
1457;9,49;174,88;5,72;697,31;1164,65;1780,35
1458;9,49;174,88;5,72;697,31;1164,65;1780,35
1459;9,50;174,88;5,72;697,32;1164,65;1780,35
1460;9,50;174,88;5,72;697,32;1164,65;1780,35
1461;9,51;174,88;5,72;697,33;1164,65;1780,35
1462;9,52;174,88;5,72;697,33;1164,65;1780,35
1463;9,52;174,88;5,72;697,34;1164,66;1780,35
1464;9,53;174,88;5,72;697,35;1164,66;1780,35
1465;9,53;174,88;5,72;697,35;1164,66;1780,35
1466;9,54;174,88;5,72;697,36;1164,66;1780,35
1467;9,54;174,88;5,72;697,36;1164,66;1780,35
1468;9,55;174,88;5,72;697,36;1164,66;1780,35
1469;9,56;174,88;5,72;697,38;1164,66;1780,35
1470;9,56;174,88;5,72;697,38;1164,66;1780,35
1471;9,57;174,88;5,72;697,38;1164,66;1780,35
1472;9,57;174,88;5,72;697,40;1164,66;1780,35
1473;9,58;174,88;5,72;697,40;1164,66;1780,35
1474;9,58;174,88;5,72;697,41;1164,66;1780,35
1475;9,59;174,88;5,72;697,41;1164,67;1780,35
1476;9,59;174,88;5,72;697,42;1164,67;1780,35
1477;9,60;174,88;5,72;697,42;1164,67;1780,35
1478;9,61;174,88;5,72;697,43;1164,65;1780,35
1479;9,61;174,88;5,72;697,43;1164,67;1780,35
1480;9,62;174,88;5,72;697,44;1164,67;1780,35
1481;9,62;174,88;5,72;697,44;1164,67;1780,35
1482;9,63;174,88;5,72;697,45;1164,67;1780,35
1483;9,64;174,88;5,72;697,46;1164,67;1780,35
1484;9,64;174,88;5,72;697,46;1164,67;1780,35
1485;9,65;174,88;5,72;697,46;1164,67;1780,35
1486;9,65;174,88;5,72;697,47;1164,68;1780,35
1487;9,66;174,88;5,72;697,48;1164,68;1780,35
1488;9,66;174,88;5,72;697,49;1164,68;1780,35
1489;9,67;174,88;5,72;697,49;1164,68;1780,35
1490;9,68;174,88;5,72;697,49;1164,68;1780,35
1491;9,68;174,88;5,72;697,50;1164,68;1780,35
1492;9,69;174,88;5,72;697,51;1164,68;1780,35
1493;9,69;174,88;5,72;697,51;1164,68;1780,35
1494;9,70;174,88;5,72;697,52;1164,68;1780,35
1495;9,70;174,88;5,72;697,52;1164,68;1780,35
1496;9,71;174,88;5,72;697,53;1164,68;1780,35
1497;9,72;174,88;5,72;697,54;1164,69;1780,35
1498;9,72;174,88;5,72;697,54;1164,69;1780,35
1499;9,73;174,88;5,72;697,55;1164,69;1780,35
1500;9,73;175,47;5,70;697,55;1164,68;1780,35
1501;9,74;175,47;5,70;697,56;1164,69;1780,35
1502;9,75;175,47;5,70;697,57;1164,69;1780,35
1503;9,75;175,47;5,70;697,57;1164,69;1780,35
1504;9,76;175,47;5,70;697,58;1164,69;1780,35
1505;9,76;175,47;5,70;697,58;1164,69;1780,35
1506;9,77;175,47;5,70;697,59;1164,70;1780,35
1507;9,77;175,47;5,70;697,60;1164,70;1780,35
1508;9,78;175,47;5,70;697,60;1164,70;1780,35
1509;9,79;175,47;5,70;697,60;1164,70;1780,35
1510;9,79;175,47;5,70;697,61;1164,70;1780,35
1511;9,80;175,47;5,70;697,62;1164,70;1780,35
1512;9,80;175,47;5,70;697,62;1164,70;1780,35
1513;9,81;175,47;5,70;697,63;1164,70;1780,35
1514;9,81;175,47;5,70;697,63;1164,70;1780,35
1515;9,82;175,47;5,70;697,64;1164,70;1780,35
1516;9,83;175,47;5,70;697,64;1164,70;1780,35
1517;9,83;175,47;5,70;697,65;1164,70;1780,35
1518;9,84;175,47;5,70;697,66;1164,71;1780,35
1519;9,84;175,47;5,70;697,66;1164,71;1780,35
1520;9,85;175,47;5,70;697,67;1164,71;1780,35
1521;9,85;175,47;5,70;697,68;1164,69;1780,35
1522;9,86;175,47;5,70;697,68;1164,71;1780,35
1523;9,87;175,47;5,70;697,69;1164,71;1780,35
1524;9,87;175,47;5,70;697,69;1164,71;1780,35
1525;9,88;175,47;5,70;697,70;1164,71;1780,35
1526;9,88;175,47;5,70;697,71;1164,71;1780,35
1527;9,89;175,47;5,70;697,71;1164,71;1780,35
1528;9,89;175,47;5,70;697,71;1164,71;1780,35
1529;9,90;175,47;5,70;697,73;1164,72;1780,35
1530;9,91;175,47;5,70;697,73;1164,72;1780,35
1531;9,91;175,47;5,70;697,73;1164,72;1780,35
1532;9,92;175,47;5,70;697,73;1164,72;1780,35
1533;9,92;175,47;5,70;697,74;1164,72;1780,35
1534;9,93;175,47;5,70;697,75;1164,72;1780,35
1535;9,93;175,47;5,70;697,75;1164,72;1780,35
1536;9,94;175,47;5,70;697,76;1164,72;1780,35
1537;9,95;175,47;5,70;697,77;1164,72;1780,35
1538;9,95;175,47;5,70;697,77;1164,72;1780,35
1539;9,96;175,47;5,70;697,78;1164,72;1780,35
1540;9,96;175,47;5,70;697,79;1164,72;1780,35
1541;9,97;175,47;5,70;697,79;1164,73;1780,35
1542;9,97;175,47;5,70;697,79;1164,73;1780,35
1543;9,98;175,47;5,70;697,80;1164,72;1780,35
1544;9,99;175,47;5,70;697,80;1164,73;1780,35
1545;9,99;175,47;5,70;697,81;1164,74;1780,35
1546;10,00;175,47;5,70;697,82;1164,74;1780,35
1547;10,00;175,47;5,70;697,82;1164,74;1780,35
1548;10,01;175,47;5,70;697,83;1164,74;1780,35
1549;10,01;175,47;5,70;697,84;1164,74;1780,35
1550;10,02;175,47;5,70;697,84;1164,74;1780,35
1551;10,02;175,47;5,70;697,85;1164,74;1780,35
1552;10,03;175,47;5,70;697,85;1164,74;1780,35
1553;10,04;175,47;5,70;697,86;1164,74;1780,35
1554;10,04;175,47;5,70;697,86;1164,74;1780,35
1555;10,05;175,47;5,70;697,87;1164,74;1780,35
1556;10,05;175,47;5,70;697,88;1164,75;1780,35
1557;10,06;175,47;5,70;697,88;1164,75;1780,35
1558;10,07;175,47;5,70;697,89;1164,75;1780,35
1559;10,07;174,26;5,74;697,89;1164,75;1780,35
1560;10,08;174,26;5,74;697,89;1164,75;1780,35
1561;10,08;174,26;5,74;697,90;1164,75;1780,35
1562;10,09;174,26;5,74;697,91;1164,75;1780,35
1563;10,10;174,26;5,74;697,91;1164,75;1780,35
1564;10,10;174,26;5,74;697,92;1164,75;1780,35
1565;10,11;174,26;5,74;697,93;1164,74;1780,35
1566;10,11;174,26;5,74;697,93;1164,75;1780,35
1567;10,12;174,26;5,74;697,94;1164,75;1780,35
1568;10,12;174,26;5,74;697,95;1164,76;1780,35
1569;10,13;174,26;5,74;697,95;1164,76;1780,35
1570;10,14;174,26;5,74;697,95;1164,76;1780,35
1571;10,14;174,26;5,74;697,96;1164,76;1780,35
1572;10,15;174,26;5,74;697,97;1164,76;1780,35
1573;10,15;174,26;5,74;697,97;1164,76;1780,35
1574;10,16;174,26;5,74;697,98;1164,76;1780,35
1575;10,16;174,26;5,74;697,98;1164,76;1780,35
1576;10,17;174,26;5,74;697,99;1164,76;1780,35
1577;10,18;174,26;5,74;698,00;1164,76;1780,35
1578;10,18;174,26;5,74;698,00;1164,76;1780,35
1579;10,19;174,26;5,74;698,00;1164,77;1780,35
1580;10,19;174,26;5,74;698,01;1164,77;1780,35
1581;10,20;174,26;5,74;698,02;1164,77;1780,35
1582;10,20;174,26;5,74;698,02;1164,76;1780,35
1583;10,21;174,26;5,74;698,03;1164,76;1780,35
1584;10,22;174,26;5,74;698,04;1164,76;1780,35
1585;10,22;174,26;5,74;698,04;1164,76;1780,35
1586;10,23;174,26;5,74;698,05;1164,76;1780,35
1587;10,23;174,26;5,74;698,05;1164,76;1780,35
1588;10,24;174,26;5,74;698,05;1164,77;1780,35
1589;10,24;174,26;5,74;698,06;1164,77;1780,35
1590;10,25;174,26;5,74;698,07;1164,77;1780,35
1591;10,26;174,26;5,74;698,08;1164,77;1780,35
1592;10,26;174,26;5,74;698,08;1164,77;1780,35
1593;10,27;174,26;5,74;698,09;1164,77;1780,35
1594;10,28;174,26;5,74;698,09;1164,77;1780,35
1595;10,28;174,26;5,74;698,10;1164,77;1780,35
1596;10,29;174,26;5,74;698,11;1164,77;1780,35
1597;10,29;174,26;5,74;698,11;1164,77;1780,35
1598;10,30;174,26;5,74;698,12;1164,78;1780,35
1599;10,30;174,26;5,74;698,12;1164,78;1780,35
1600;10,31;174,26;5,74;698,13;1164,78;1780,35
1601;10,31;174,26;5,74;698,13;1164,78;1780,35
1602;10,32;174,26;5,74;698,14;1164,78;1780,35
1603;10,33;174,26;5,74;698,14;1164,78;1780,35
1604;10,33;174,26;5,74;698,15;1164,78;1780,35
1605;10,34;174,26;5,74;698,16;1164,78;1780,35
1606;10,34;174,26;5,74;698,16;1164,78;1780,35
1607;10,35;174,26;5,74;698,16;1164,78;1780,35
1608;10,36;174,26;5,74;698,17;1164,77;1780,35
1609;10,36;174,26;5,74;698,18;1164,78;1780,35
1610;10,37;174,26;5,74;698,18;1164,79;1780,35
1611;10,37;174,26;5,74;698,19;1164,79;1780,35
1612;10,38;174,26;5,74;698,20;1164,79;1780,35
1613;10,38;174,26;5,74;698,21;1164,79;1780,35
1614;10,39;174,26;5,74;698,21;1164,79;1780,35
1615;10,40;174,26;5,74;698,21;1164,79;1780,35
1616;10,40;174,26;5,74;698,22;1164,79;1780,35
1617;10,41;173,23;5,77;698,22;1164,79;1780,35
1618;10,41;173,23;5,77;698,23;1164,79;1780,35
1619;10,42;173,23;5,77;698,24;1164,79;1780,35
1620;10,42;173,23;5,77;698,24;1164,79;1780,35
1621;10,43;173,23;5,77;698,25;1164,80;1780,35
1622;10,44;173,23;5,77;698,25;1164,80;1780,35
1623;10,44;173,23;5,77;698,26;1164,80;1780,35
1624;10,45;173,23;5,77;698,27;1164,80;1780,35
1625;10,45;173,23;5,77;698,27;1164,80;1780,35
1626;10,46;173,23;5,77;698,27;1164,80;1780,35
1627;10,46;173,23;5,77;698,29;1164,80;1780,35
1628;10,47;173,23;5,77;698,29;1164,80;1780,35
1629;10,48;173,23;5,77;698,29;1164,80;1780,35
1630;10,48;173,23;5,77;698,30;1164,78;1780,35
1631;10,49;173,23;5,77;698,30;1164,80;1780,35
1632;10,49;173,23;5,77;698,32;1164,80;1780,35
1633;10,50;173,23;5,77;698,32;1164,81;1780,35
1634;10,50;173,23;5,77;698,32;1164,81;1780,35
1635;10,51;173,23;5,77;698,33;1164,81;1780,35
1636;10,51;173,23;5,77;698,33;1164,81;1780,35
1637;10,52;173,23;5,77;698,34;1164,81;1780,35
1638;10,53;173,23;5,77;698,35;1164,81;1780,35
1639;10,53;173,23;5,77;698,35;1164,81;1780,35
1640;10,54;173,23;5,77;698,36;1164,81;1780,35
1641;10,54;173,23;5,77;698,36;1164,81;1780,35
1642;10,55;173,23;5,77;698,37;1164,81;1780,35
1643;10,55;173,23;5,77;698,38;1164,81;1780,35
1644;10,56;173,23;5,77;698,38;1164,82;1780,35
1645;10,57;173,23;5,77;698,38;1164,82;1780,35
1646;10,57;173,23;5,77;698,39;1164,82;1780,35
1647;10,58;173,23;5,77;698,40;1164,82;1780,35
1648;10,58;173,23;5,77;698,40;1164,82;1780,35
1649;10,59;173,23;5,77;698,41;1164,82;1780,35
1650;10,60;173,23;5,77;698,41;1164,82;1780,35
1651;10,60;173,23;5,77;698,43;1164,82;1780,35
1652;10,61;173,23;5,77;698,43;1164,82;1780,35
1653;10,61;173,23;5,77;698,43;1164,82;1780,35
1654;10,62;173,23;5,77;698,44;1164,82;1780,35
1655;10,63;173,23;5,77;698,45;1164,82;1780,35
1656;10,63;173,23;5,77;698,45;1164,83;1780,35
1657;10,64;173,23;5,77;698,46;1164,83;1780,35
1658;10,65;173,23;5,77;698,46;1164,83;1780,35
1659;10,65;173,23;5,77;698,46;1164,83;1780,35
1660;10,66;173,23;5,77;698,48;1164,83;1780,35
1661;10,66;173,23;5,77;698,48;1164,83;1780,35
1662;10,67;173,23;5,77;698,48;1164,83;1780,35
1663;10,68;173,23;5,77;698,49;1164,83;1780,35
1664;10,68;173,23;5,77;698,49;1164,83;1780,35
1665;10,69;173,23;5,77;698,50;1164,83;1780,35
1666;10,70;173,23;5,77;698,50;1164,83;1780,35
1667;10,70;173,23;5,77;698,51;1164,83;1780,35
1668;10,71;173,23;5,77;698,52;1164,84;1780,35
1669;10,72;173,23;5,77;698,52;1164,84;1780,35
1670;10,72;173,23;5,77;698,53;1164,84;1780,35
1671;10,73;173,23;5,77;698,53;1164,82;1780,35
1672;10,74;173,23;5,77;698,54;1164,84;1780,35
1673;10,74;167,12;5,98;698,55;1164,84;1780,35
1674;10,75;167,12;5,98;698,55;1164,84;1780,35
1675;10,75;167,12;5,98;698,56;1164,84;1780,35
1676;10,76;167,12;5,98;698,57;1164,84;1780,35
1677;10,77;167,12;5,98;698,57;1164,84;1780,35
1678;10,77;167,12;5,98;698,57;1164,84;1780,35
1679;10,78;167,12;5,98;698,59;1164,85;1780,35
1680;10,79;167,12;5,98;698,59;1164,85;1780,35
1681;10,79;167,12;5,98;698,59;1164,85;1780,35
1682;10,80;167,12;5,98;698,60;1164,85;1780,35
1683;10,81;167,12;5,98;698,61;1164,85;1780,35
1684;10,81;167,12;5,98;698,61;1164,85;1780,35
1685;10,82;167,12;5,98;698,61;1164,85;1780,35
1686;10,83;167,12;5,98;698,62;1164,85;1780,35
1687;10,83;167,12;5,98;698,63;1164,85;1780,35
1688;10,84;167,12;5,98;698,63;1164,85;1780,35
1689;10,84;167,12;5,98;698,64;1164,85;1780,35
1690;10,85;167,12;5,98;698,64;1164,86;1780,35
1691;10,86;167,12;5,98;698,64;1164,84;1780,35
1692;10,86;167,12;5,98;698,66;1164,85;1780,35
1693;10,87;167,12;5,98;698,66;1164,86;1780,35
1694;10,88;167,12;5,98;698,66;1164,86;1780,35
1695;10,88;167,12;5,98;698,67;1164,86;1780,35
1696;10,89;167,12;5,98;698,68;1164,86;1780,35
1697;10,90;167,12;5,98;698,69;1164,86;1780,35
1698;10,90;167,12;5,98;698,70;1164,86;1780,35
1699;10,91;167,12;5,98;698,70;1164,86;1780,35
1700;10,92;167,12;5,98;698,70;1164,86;1780,35
1701;10,92;167,12;5,98;698,70;1164,86;1780,35
1702;10,93;167,12;5,98;698,71;1164,87;1780,35
1703;10,94;167,12;5,98;698,72;1164,87;1780,35
1704;10,94;167,12;5,98;698,72;1164,87;1780,35
1705;10,95;167,12;5,98;698,73;1164,87;1780,35
1706;10,96;167,12;5,98;698,73;1164,87;1780,35
1707;10,96;167,12;5,98;698,74;1164,87;1780,35
1708;10,97;167,12;5,98;698,75;1164,87;1780,35
1709;10,98;167,12;5,98;698,75;1164,87;1780,35
1710;10,99;167,12;5,98;698,75;1164,87;1780,35
1711;10,99;167,12;5,98;698,77;1164,87;1780,35
1712;11,00;167,12;5,98;698,77;1164,87;1780,35
1713;11,00;167,12;5,98;698,77;1164,88;1780,35
1714;11,01;167,12;5,98;698,78;1164,88;1780,35
1715;11,02;167,12;5,98;698,79;1164,88;1780,35
1716;11,02;167,12;5,98;698,79;1164,88;1780,35
1717;11,03;167,12;5,98;698,80;1164,88;1780,35
1718;11,03;167,12;5,98;698,80;1164,88;1780,35
1719;11,04;167,12;5,98;698,81;1164,88;1780,35
1720;11,05;167,12;5,98;698,81;1164,88;1780,35
1721;11,05;167,12;5,98;698,82;1164,88;1780,35
1722;11,06;167,12;5,98;698,83;1164,88;1780,35
1723;11,06;167,12;5,98;698,83;1164,88;1780,35
1724;11,07;167,12;5,98;698,84;1164,88;1780,35
1725;11,07;167,12;5,98;698,85;1164,89;1780,35
1726;11,08;157,03;6,37;698,85;1164,89;1780,35
1727;11,09;157,03;6,37;698,86;1164,89;1780,35
1728;11,09;157,03;6,37;698,86;1164,89;1780,35
1729;11,10;157,03;6,37;698,86;1164,89;1780,35
1730;11,10;157,03;6,37;698,88;1164,87;1780,35
1731;11,11;157,03;6,37;698,88;1164,89;1780,35
1732;11,12;157,03;6,37;698,88;1164,89;1780,35
1733;11,12;157,03;6,37;698,89;1164,89;1780,35
1734;11,13;157,03;6,37;698,89;1164,89;1780,35
1735;11,13;157,03;6,37;698,90;1164,89;1780,35
1736;11,14;157,03;6,37;698,91;1164,90;1780,35
1737;11,15;157,03;6,37;698,91;1164,90;1780,35
1738;11,15;157,03;6,37;698,92;1164,90;1780,35
1739;11,16;157,03;6,37;698,93;1164,90;1780,35
1740;11,16;157,03;6,37;698,93;1164,90;1780,35
1741;11,17;157,03;6,37;698,94;1164,90;1780,35
1742;11,18;157,03;6,37;698,94;1164,90;1780,35
1743;11,18;157,03;6,37;698,95;1164,90;1780,35
1744;11,19;157,03;6,37;698,95;1164,90;1780,35
1745;11,19;157,03;6,37;698,96;1164,90;1780,35
1746;11,20;157,03;6,37;698,96;1164,90;1780,35
1747;11,20;157,03;6,37;698,97;1164,90;1780,35
1748;11,21;157,03;6,37;698,97;1164,91;1780,35
1749;11,21;157,03;6,37;698,99;1164,91;1780,35
1750;11,22;157,03;6,37;698,99;1164,91;1780,35
1751;11,22;157,03;6,37;698,99;1164,91;1780,35
1752;11,23;157,03;6,37;699,00;1164,89;1780,35
1753;11,24;157,03;6,37;699,01;1164,91;1780,35
1754;11,24;157,03;6,37;699,02;1164,91;1780,35
1755;11,25;157,03;6,37;699,02;1164,91;1780,35
1756;11,25;157,03;6,37;699,02;1164,91;1780,35
1757;11,26;157,03;6,37;699,03;1164,91;1780,35
1758;11,26;157,03;6,37;699,04;1164,91;1780,35
1759;11,27;157,03;6,37;699,04;1164,92;1780,35
1760;11,27;157,03;6,37;699,05;1164,92;1780,35
1761;11,28;157,03;6,37;699,05;1164,92;1780,35
1762;11,28;157,03;6,37;699,05;1164,92;1780,35
1763;11,29;157,03;6,37;699,06;1164,92;1780,35
1764;11,30;157,03;6,37;699,07;1164,92;1780,35
1765;11,30;157,03;6,37;699,07;1164,92;1780,35
1766;11,31;157,03;6,37;699,08;1164,92;1780,35
1767;11,31;157,03;6,37;699,08;1164,92;1780,35
1768;11,32;157,03;6,37;699,09;1164,92;1780,35
1769;11,32;157,03;6,37;699,10;1164,92;1780,35
1770;11,33;157,03;6,37;699,10;1164,92;1780,35
1771;11,33;157,03;6,37;699,11;1164,93;1780,35
1772;11,34;157,03;6,37;699,12;1164,93;1780,35
1773;11,35;157,03;6,37;699,12;1164,93;1780,35
1774;11,35;157,03;6,37;699,13;1164,93;1780,35
1775;11,36;157,03;6,37;699,13;1164,91;1780,35
1776;11,36;157,03;6,37;699,14;1164,93;1780,35
1777;11,37;157,03;6,37;699,14;1164,93;1780,35
1778;11,37;157,03;6,37;699,15;1164,93;1780,35
1779;11,38;157,03;6,37;699,16;1164,93;1780,35
1780;11,38;157,03;6,37;699,16;1164,93;1780,35
1781;11,39;157,03;6,37;699,17;1164,93;1780,35
1782;11,40;157,03;6,37;699,17;1164,94;1780,35
1783;11,40;157,03;6,37;699,18;1164,94;1780,35
1784;11,41;157,03;6,37;699,19;1164,94;1780,35
1785;11,41;157,03;6,37;699,19;1164,94;1780,35
1786;11,42;177,81;5,62;699,20;1164,94;1780,35
1787;11,42;177,81;5,62;699,20;1164,94;1780,35
1788;11,43;177,81;5,62;699,21;1164,94;1780,35
1789;11,43;177,81;5,62;699,21;1164,94;1780,35
1790;11,44;177,81;5,62;699,21;1164,94;1780,35
1791;11,45;177,81;5,62;699,22;1164,94;1780,35
1792;11,45;177,81;5,62;699,23;1164,94;1780,35
1793;11,46;177,81;5,62;699,23;1164,94;1780,35
1794;11,46;177,81;5,62;699,24;1164,95;1780,35
1795;11,47;177,81;5,62;699,25;1164,95;1780,35
1796;11,47;177,81;5,62;699,25;1164,95;1780,35
1797;11,48;177,81;5,62;699,26;1164,93;1780,35
1798;11,49;177,81;5,62;699,27;1164,95;1780,35
1799;11,49;177,81;5,62;699,27;1164,95;1780,35
1800;11,50;177,81;5,62;699,28;1164,95;1780,35
1801;11,50;177,81;5,62;699,29;1164,95;1780,35
1802;11,51;177,81;5,62;699,29;1164,95;1780,35
1803;11,51;177,81;5,62;699,29;1164,95;1780,35
1804;11,52;177,81;5,62;699,30;1164,95;1780,35
1805;11,52;177,81;5,62;699,30;1164,96;1780,35
1806;11,53;177,81;5,62;699,31;1164,96;1780,35
1807;11,54;177,81;5,62;699,32;1164,96;1780,35
1808;11,54;177,81;5,62;699,32;1164,96;1780,35
1809;11,55;177,81;5,62;699,33;1164,96;1780,35
1810;11,55;177,81;5,62;699,33;1164,96;1780,35
1811;11,56;177,81;5,62;699,34;1164,96;1780,35
1812;11,56;177,81;5,62;699,34;1164,96;1780,35
1813;11,57;177,81;5,62;699,35;1164,96;1780,35
1814;11,57;177,81;5,62;699,36;1164,96;1780,35
1815;11,58;177,81;5,62;699,36;1164,96;1780,35
1816;11,58;177,81;5,62;699,37;1164,96;1780,35
1817;11,59;177,81;5,62;699,37;1164,97;1780,35
1818;11,60;177,81;5,62;699,38;1164,97;1780,35
1819;11,60;177,81;5,62;699,38;1164,97;1780,35
1820;11,61;177,81;5,62;699,39;1164,96;1780,35
1821;11,61;177,81;5,62;699,39;1164,97;1780,35
1822;11,62;177,81;5,62;699,40;1164,98;1780,35
1823;11,62;177,81;5,62;699,41;1164,98;1780,35
1824;11,63;177,81;5,62;699,41;1164,98;1780,35
1825;11,63;177,81;5,62;699,42;1164,98;1780,35
1826;11,64;177,81;5,62;699,43;1164,98;1780,35
1827;11,65;177,81;5,62;699,43;1164,98;1780,35
1828;11,65;177,81;5,62;699,44;1164,98;1780,35
1829;11,66;177,81;5,62;699,44;1164,98;1780,35
1830;11,66;177,81;5,62;699,45;1164,98;1780,35
1831;11,67;177,81;5,62;699,45;1164,98;1780,35
1832;11,67;177,81;5,62;699,46;1164,99;1780,35
1833;11,68;177,81;5,62;699,47;1164,99;1780,35
1834;11,68;177,81;5,62;699,47;1164,99;1780,35
1835;11,69;177,81;5,62;699,48;1164,99;1780,35
1836;11,69;177,81;5,62;699,48;1164,99;1780,35
1837;11,70;177,81;5,62;699,49;1164,99;1780,35
1838;11,71;177,81;5,62;699,49;1164,99;1780,35
1839;11,71;177,81;5,62;699,50;1164,99;1780,35
1840;11,72;177,81;5,62;699,50;1164,99;1780,35
1841;11,72;177,81;5,62;699,51;1164,99;1780,35
1842;11,73;177,81;5,62;699,52;1164,99;1780,35
1843;11,73;177,81;5,62;699,52;1164,99;1780,35
1844;11,74;177,81;5,62;699,52;1165,00;1780,35
1845;11,74;177,81;5,62;699,53;1165,00;1780,35
1846;11,75;177,81;5,62;699,53;1165,00;1780,35
1847;11,76;180,39;5,54;699,55;1165,00;1780,35
1848;11,76;180,39;5,54;699,55;1165,00;1780,35
1849;11,77;180,39;5,54;699,55;1165,00;1780,35
1850;11,77;180,39;5,54;699,56;1165,00;1780,35
1851;11,78;180,39;5,54;699,57;1165,00;1780,35
1852;11,78;180,39;5,54;699,58;1165,00;1780,35
1853;11,79;180,39;5,54;699,58;1165,00;1780,35
1854;11,79;180,39;5,54;699,58;1165,00;1780,35
1855;11,80;180,39;5,54;699,59;1165,00;1780,35
1856;11,81;180,39;5,54;699,60;1165,00;1780,35
1857;11,81;180,39;5,54;699,60;1165,00;1780,35
1858;11,82;180,39;5,54;699,61;1165,00;1780,35
1859;11,82;180,39;5,54;699,61;1165,00;1780,35
1860;11,83;180,39;5,54;699,62;1165,00;1780,35
1861;11,83;180,39;5,54;699,63;1165,00;1780,35
1862;11,84;180,39;5,54;699,63;1165,00;1780,35
1863;11,84;180,39;5,54;699,64;1165,01;1780,35
1864;11,85;180,39;5,54;699,64;1165,01;1780,35
1865;11,85;180,39;5,54;699,65;1164,99;1780,35
1866;11,86;180,39;5,54;699,65;1165,01;1780,35
1867;11,86;180,39;5,54;699,66;1165,01;1780,35
1868;11,87;180,39;5,54;699,66;1165,01;1780,35
1869;11,88;180,39;5,54;699,67;1165,01;1780,35
1870;11,88;180,39;5,54;699,67;1165,01;1780,35
1871;11,89;180,39;5,54;699,68;1165,01;1780,35
1872;11,89;180,39;5,54;699,69;1165,01;1780,35
1873;11,90;180,39;5,54;699,69;1165,01;1780,35
1874;11,90;180,39;5,54;699,70;1165,02;1780,35
1875;11,91;180,39;5,54;699,71;1165,02;1780,35
1876;11,91;180,39;5,54;699,71;1165,02;1780,35
1877;11,92;180,39;5,54;699,72;1165,02;1780,35
1878;11,92;180,39;5,54;699,72;1165,02;1780,35
1879;11,93;180,39;5,54;699,73;1165,02;1780,35
1880;11,94;180,39;5,54;699,74;1165,02;1780,35
1881;11,94;180,39;5,54;699,74;1165,02;1780,35
1882;11,95;180,39;5,54;699,75;1165,02;1780,35
1883;11,95;180,39;5,54;699,75;1165,02;1780,35
1884;11,96;180,39;5,54;699,76;1165,02;1780,35
1885;11,96;180,39;5,54;699,76;1165,02;1780,35
1886;11,97;180,39;5,54;699,77;1165,03;1780,35
1887;11,97;180,39;5,54;699,77;1165,03;1780,35
1888;11,98;180,39;5,54;699,78;1165,01;1780,35
1889;11,99;180,39;5,54;699,78;1165,03;1780,35
1890;11,99;180,39;5,54;699,79;1165,03;1780,35
1891;12,00;180,39;5,54;699,79;1165,03;1780,35
1892;12,00;180,39;5,54;699,80;1165,03;1780,35
1893;12,01;180,39;5,54;699,81;1165,03;1780,35
1894;12,01;180,39;5,54;699,81;1165,03;1780,35
1895;12,02;180,39;5,54;699,82;1165,03;1780,35
1896;12,02;180,39;5,54;699,82;1165,03;1780,35
1897;12,03;180,39;5,54;699,83;1165,04;1780,35
1898;12,03;180,39;5,54;699,84;1165,04;1780,35
1899;12,04;180,39;5,54;699,85;1165,04;1780,35
1900;12,04;180,39;5,54;699,85;1165,04;1780,35
1901;12,05;180,39;5,54;699,86;1165,04;1780,35
1902;12,06;180,39;5,54;699,86;1165,04;1780,35
1903;12,06;180,39;5,54;699,87;1165,04;1780,35
1904;12,07;180,39;5,54;699,87;1165,04;1780,35
1905;12,07;180,39;5,54;699,88;1165,04;1780,35
1906;12,08;180,39;5,54;699,88;1165,04;1780,35
1907;12,08;180,39;5,54;699,89;1165,04;1780,35
1908;12,09;180,39;5,54;699,89;1165,05;1780,35
1909;12,09;183,44;5,45;699,90;1165,05;1780,35
1910;12,10;183,44;5,45;699,91;1165,05;1780,35
1911;12,10;183,44;5,45;699,91;1165,03;1780,35
1912;12,11;183,44;5,45;699,92;1165,05;1780,35
1913;12,11;183,44;5,45;699,92;1165,05;1780,35
1914;12,12;183,44;5,45;699,93;1165,05;1780,35
1915;12,13;183,44;5,45;699,93;1165,05;1780,35
1916;12,13;183,44;5,45;699,94;1165,05;1780,35
1917;12,14;183,44;5,45;699,94;1165,05;1780,35
1918;12,14;183,44;5,45;699,95;1165,05;1780,35
1919;12,15;183,44;5,45;699,95;1165,05;1780,35
1920;12,15;183,44;5,45;699,96;1165,06;1780,35
1921;12,16;183,44;5,45;699,96;1165,06;1780,35
1922;12,16;183,44;5,45;699,98;1165,06;1780,35
1923;12,17;183,44;5,45;699,98;1165,06;1780,35
1924;12,17;183,44;5,45;699,98;1165,06;1780,35
1925;12,18;183,44;5,45;699,99;1165,06;1780,35
1926;12,18;183,44;5,45;700,00;1165,06;1780,35
1927;12,19;183,44;5,45;700,00;1165,06;1780,35
1928;12,20;183,44;5,45;700,01;1165,06;1780,35
1929;12,20;183,44;5,45;700,02;1165,06;1780,35
1930;12,21;183,44;5,45;700,02;1165,06;1780,35
1931;12,21;183,44;5,45;700,03;1165,07;1780,35
1932;12,22;183,44;5,45;700,03;1165,07;1780,35
1933;12,22;183,44;5,45;700,04;1165,07;1780,35
1934;12,23;183,44;5,45;700,04;1165,07;1780,35
1935;12,23;183,44;5,45;700,05;1165,07;1780,35
1936;12,24;183,44;5,45;700,05;1165,07;1780,35
1937;12,24;183,44;5,45;700,06;1165,07;1780,35
1938;12,25;183,44;5,45;700,06;1165,07;1780,35
1939;12,26;183,44;5,45;700,07;1165,07;1780,35
1940;12,26;183,44;5,45;700,07;1165,07;1780,35
1941;12,27;183,44;5,45;700,08;1165,07;1780,35
1942;12,27;183,44;5,45;700,09;1165,07;1780,35
1943;12,28;183,44;5,45;700,09;1165,08;1780,35
1944;12,28;183,44;5,45;700,10;1165,08;1780,35
1945;12,29;183,44;5,45;700,11;1165,08;1780,35
1946;12,29;183,44;5,45;700,11;1165,08;1780,35
1947;12,30;183,44;5,45;700,13;1165,08;1780,35
1948;12,30;183,44;5,45;700,13;1165,08;1780,35
1949;12,31;183,44;5,45;700,13;1165,08;1780,35
1950;12,32;183,44;5,45;700,14;1165,08;1780,35
1951;12,32;183,44;5,45;700,14;1165,08;1780,35
1952;12,33;183,44;5,45;700,15;1165,08;1780,35
1953;12,33;183,44;5,45;700,16;1165,08;1780,35
1954;12,34;183,44;5,45;700,16;1165,09;1780,35
1955;12,34;183,44;5,45;700,16;1165,09;1780,35
1956;12,35;183,44;5,45;700,17;1165,09;1780,35
1957;12,35;183,44;5,45;700,18;1165,07;1780,35
1958;12,36;183,44;5,45;700,18;1165,09;1780,35
1959;12,36;183,44;5,45;700,19;1165,09;1780,35
1960;12,37;183,44;5,45;700,20;1165,09;1780,35
1961;12,38;183,44;5,45;700,20;1165,09;1780,35
