Frame;Time(s);FPS;FrameTimeMs
16;0,36;40,86;24,47
17;0,38;40,86;24,47
18;0,40;40,86;24,47
19;0,41;40,86;24,47
20;0,44;40,86;24,47
21;0,45;40,86;24,47
22;0,48;40,86;24,47
23;0,49;40,86;24,47
24;0,51;40,86;24,47
25;0,53;40,86;24,47
26;0,55;40,86;24,47
27;0,56;40,86;24,47
28;0,59;40,86;24,47
29;0,60;40,86;24,47
30;0,63;40,86;24,47
31;0,64;40,86;24,47
32;0,67;40,86;24,47
33;0,68;40,86;24,47
34;0,71;52,45;19,07
35;0,72;52,45;19,07
36;0,74;52,45;19,07
37;0,76;52,45;19,07
38;0,78;52,45;19,07
39;0,79;52,45;19,07
40;0,82;52,45;19,07
41;0,83;52,45;19,07
42;0,86;52,45;19,07
43;0,87;52,45;19,07
44;0,89;52,45;19,07
45;0,91;52,45;19,07
46;0,93;52,45;19,07
47;0,94;52,45;19,07
48;0,97;52,45;19,07
49;0,98;52,45;19,07
50;1,01;52,45;19,07
51;1,02;52,45;19,07
52;1,05;52,71;18,97
53;1,06;52,71;18,97
54;1,08;52,71;18,97
55;1,09;52,71;18,97
56;1,12;52,71;18,97
57;1,13;52,71;18,97
58;1,17;52,71;18,97
59;1,18;52,71;18,97
60;1,20;52,71;18,97
61;1,21;52,71;18,97
62;1,24;52,71;18,97
63;1,26;52,71;18,97
64;1,29;52,71;18,97
65;1,30;52,71;18,97
66;1,32;52,71;18,97
67;1,33;52,71;18,97
68;1,37;52,71;18,97
69;1,39;49,84;20,06
70;1,41;49,84;20,06
71;1,42;49,84;20,06
72;1,44;49,84;20,06
73;1,45;49,84;20,06
74;1,48;49,84;20,06
75;1,49;49,84;20,06
76;1,52;49,84;20,06
77;1,54;49,84;20,06
78;1,56;49,84;20,06
79;1,57;49,84;20,06
80;1,60;49,84;20,06
81;1,61;49,84;20,06
82;1,64;49,84;20,06
83;1,65;49,84;20,06
84;1,67;49,84;20,06
85;1,68;49,84;20,06
86;1,72;49,84;20,06
87;1,73;52,74;18,96
88;1,75;52,74;18,96
89;1,77;52,74;18,96
90;1,79;52,74;18,96
91;1,80;52,74;18,96
92;1,82;52,74;18,96
93;1,84;52,74;18,96
94;1,87;52,74;18,96
95;1,89;52,74;18,96
96;1,91;52,74;18,96
97;1,93;52,74;18,96
98;1,95;52,74;18,96
99;1,97;52,74;18,96
100;1,98;52,74;18,96
101;2,00;52,74;18,96
102;2,01;52,74;18,96
103;2,03;52,74;18,96
104;2,05;52,74;18,96
105;2,07;53,34;18,75
106;2,09;53,34;18,75
107;2,10;53,34;18,75
108;2,12;53,34;18,75
109;2,14;53,34;18,75
110;2,16;53,34;18,75
111;2,17;53,34;18,75
112;2,20;53,34;18,75
113;2,21;53,34;18,75
114;2,23;53,34;18,75
115;2,25;53,34;18,75
116;2,27;53,34;18,75
117;2,29;53,34;18,75
118;2,31;53,34;18,75
119;2,32;53,34;18,75
120;2,34;53,34;18,75
121;2,36;53,34;18,75
122;2,38;53,34;18,75
123;2,39;53,34;18,75
124;2,42;54,40;18,38
125;2,43;54,40;18,38
126;2,45;54,40;18,38
127;2,46;54,40;18,38
128;2,49;54,40;18,38
129;2,50;54,40;18,38
130;2,53;54,40;18,38
131;2,54;54,40;18,38
132;2,55;54,40;18,38
133;2,57;54,40;18,38
134;2,59;54,40;18,38
135;2,60;54,40;18,38
136;2,63;54,40;18,38
137;2,64;54,40;18,38
138;2,66;54,40;18,38
139;2,67;54,40;18,38
140;2,70;54,40;18,38
141;2,71;54,40;18,38
142;2,73;54,40;18,38
143;2,75;54,40;18,38
144;2,77;57,22;17,48
145;2,78;57,22;17,48
146;2,80;57,22;17,48
147;2,81;57,22;17,48
148;2,84;57,22;17,48
149;2,85;57,22;17,48
150;2,87;57,22;17,48
151;2,88;57,22;17,48
152;2,90;57,22;17,48
153;2,92;57,22;17,48
154;2,94;57,22;17,48
155;2,95;57,22;17,48
156;2,97;57,22;17,48
157;2,98;57,22;17,48
158;3,01;57,22;17,48
159;3,03;57,22;17,48
160;3,05;57,22;17,48
161;3,10;50,23;19,91
162;3,12;50,23;19,91
163;3,13;50,23;19,91
164;3,15;50,23;19,91
165;3,16;50,23;19,91
166;3,17;50,23;19,91
167;3,19;50,23;19,91
168;3,20;50,23;19,91
169;3,21;50,23;19,91
170;3,23;50,23;19,91
171;3,24;50,23;19,91
172;3,26;50,23;19,91
173;3,28;50,23;19,91
174;3,30;50,23;19,91
175;3,31;50,23;19,91
176;3,33;50,23;19,91
177;3,35;50,23;19,91
178;3,37;50,23;19,91
179;3,38;50,23;19,91
180;3,40;50,23;19,91
181;3,41;50,23;19,91
182;3,44;62,78;15,93
183;3,45;62,78;15,93
184;3,47;62,78;15,93
185;3,49;62,78;15,93
186;3,51;62,78;15,93
187;3,52;62,78;15,93
188;3,54;62,78;15,93
189;3,55;62,78;15,93
190;3,58;62,78;15,93
191;3,60;62,78;15,93
192;3,61;62,78;15,93
193;3,63;62,78;15,93
194;3,65;62,78;15,93
195;3,66;62,78;15,93
196;3,69;62,78;15,93
197;3,71;62,78;15,93
198;3,74;62,78;15,93
199;3,75;62,78;15,93
200;3,77;62,78;15,93
201;3,78;55,23;18,11
202;3,80;55,23;18,11
203;3,81;55,23;18,11
204;3,83;55,23;18,11
205;3,84;55,23;18,11
206;3,85;55,23;18,11
207;3,87;55,23;18,11
208;3,89;55,23;18,11
209;3,91;55,23;18,11
210;3,92;55,23;18,11
211;3,94;55,23;18,11
212;3,96;55,23;18,11
213;3,97;55,23;18,11
214;4,00;55,23;18,11
215;4,01;55,23;18,11
216;4,03;55,23;18,11
217;4,04;55,23;18,11
218;4,06;55,23;18,11
219;4,07;55,23;18,11
220;4,10;55,23;18,11
221;4,12;59,85;16,71
222;4,13;59,85;16,71
223;4,15;59,85;16,71
224;4,17;59,85;16,71
225;4,18;59,85;16,71
226;4,20;59,85;16,71
227;4,22;59,85;16,71
228;4,24;59,85;16,71
229;4,25;59,85;16,71
230;4,27;59,85;16,71
231;4,28;59,85;16,71
232;4,31;59,85;16,71
233;4,32;59,85;16,71
234;4,34;59,85;16,71
235;4,36;59,85;16,71
236;4,37;59,85;16,71
237;4,38;59,85;16,71
238;4,41;59,85;16,71
239;4,42;59,85;16,71
240;4,44;59,85;16,71
241;4,45;59,51;16,80
242;4,48;59,51;16,80
243;4,49;59,51;16,80
244;4,51;59,51;16,80
245;4,53;59,51;16,80
246;4,54;59,51;16,80
247;4,56;59,51;16,80
248;4,58;59,51;16,80
249;4,59;59,51;16,80
250;4,62;59,51;16,80
251;4,63;59,51;16,80
252;4,65;59,51;16,80
253;4,66;59,51;16,80
254;4,68;59,51;16,80
255;4,70;59,51;16,80
256;4,72;59,51;16,80
257;4,73;59,51;16,80
258;4,75;59,51;16,80
259;4,76;59,51;16,80
260;4,79;59,51;16,80
261;4,80;57,77;17,31
262;4,82;57,77;17,31
263;4,83;57,77;17,31
264;4,85;57,77;17,31
265;4,87;57,77;17,31
266;4,89;57,77;17,31
267;4,90;57,77;17,31
268;4,92;57,77;17,31
269;4,94;57,77;17,31
270;4,95;57,77;17,31
271;4,97;57,77;17,31
272;4,99;57,77;17,31
273;5,00;57,77;17,31
274;5,02;57,77;17,31
275;5,03;57,77;17,31
276;5,06;57,77;17,31
277;5,08;57,77;17,31
278;5,09;57,77;17,31
279;5,10;57,77;17,31
280;5,13;57,77;17,31
281;5,14;58,45;17,11
282;5,16;58,45;17,11
283;5,17;58,45;17,11
284;5,19;58,45;17,11
285;5,21;58,45;17,11
286;5,23;58,45;17,11
287;5,24;58,45;17,11
288;5,26;58,45;17,11
289;5,28;58,45;17,11
290;5,29;58,45;17,11
291;5,31;58,45;17,11
292;5,33;58,45;17,11
293;5,34;58,45;17,11
294;5,36;58,45;17,11
295;5,38;58,45;17,11
296;5,40;58,45;17,11
297;5,41;58,45;17,11
298;5,44;58,45;17,11
299;5,46;58,45;17,11
300;5,48;55,37;18,06
301;5,50;55,37;18,06
302;5,52;55,37;18,06
303;5,53;55,37;18,06
304;5,55;55,37;18,06
305;5,57;55,37;18,06
306;5,59;55,37;18,06
307;5,60;55,37;18,06
308;5,62;55,37;18,06
309;5,63;55,37;18,06
310;5,65;55,37;18,06
311;5,66;55,37;18,06
312;5,68;55,37;18,06
313;5,70;55,37;18,06
314;5,71;55,37;18,06
315;5,73;55,37;18,06
316;5,75;55,37;18,06
317;5,76;55,37;18,06
318;5,78;55,37;18,06
319;5,80;55,37;18,06
320;5,81;55,37;18,06
321;5,83;61,30;16,31
322;5,85;61,30;16,31
323;5,86;61,30;16,31
324;5,88;61,30;16,31
325;5,89;61,30;16,31
326;5,91;61,30;16,31
327;5,92;61,30;16,31
328;5,94;61,30;16,31
329;5,96;61,30;16,31
330;5,97;61,30;16,31
331;5,99;61,30;16,31
332;6,01;61,30;16,31
333;6,02;61,30;16,31
334;6,04;61,30;16,31
335;6,06;61,30;16,31
336;6,07;61,30;16,31
337;6,09;61,30;16,31
338;6,11;61,30;16,31
339;6,12;61,30;16,31
340;6,14;61,30;16,31
341;6,16;61,30;16,31
342;6,18;59,98;16,67
343;6,19;59,98;16,67
344;6,21;59,98;16,67
345;6,23;59,98;16,67
346;6,25;59,98;16,67
347;6,26;59,98;16,67
348;6,28;59,98;16,67
349;6,29;59,98;16,67
350;6,31;59,98;16,67
351;6,33;59,98;16,67
352;6,35;59,98;16,67
353;6,36;59,98;16,67
354;6,38;59,98;16,67
355;6,39;59,98;16,67
356;6,41;59,98;16,67
357;6,43;59,98;16,67
358;6,45;59,98;16,67
359;6,46;59,98;16,67
360;6,48;59,98;16,67
361;6,49;59,98;16,67
362;6,51;59,53;16,80
363;6,53;59,53;16,80
364;6,55;59,53;16,80
365;6,57;59,53;16,80
366;6,59;59,53;16,80
367;6,60;59,53;16,80
368;6,62;59,53;16,80
369;6,64;59,53;16,80
370;6,66;59,53;16,80
371;6,67;59,53;16,80
372;6,69;59,53;16,80
373;6,71;59,53;16,80
374;6,72;59,53;16,80
375;6,74;59,53;16,80
376;6,76;59,53;16,80
377;6,78;59,53;16,80
378;6,79;59,53;16,80
379;6,81;59,53;16,80
380;6,83;59,53;16,80
381;6,84;59,53;16,80
382;6,86;57,25;17,47
383;6,88;57,25;17,47
384;6,89;57,25;17,47
385;6,91;57,25;17,47
386;6,93;57,25;17,47
387;6,94;57,25;17,47
388;6,96;57,25;17,47
389;6,98;57,25;17,47
390;6,99;57,25;17,47
391;7,01;57,25;17,47
392;7,02;57,25;17,47
393;7,04;57,25;17,47
394;7,06;57,25;17,47
395;7,07;57,25;17,47
396;7,09;57,25;17,47
397;7,10;57,25;17,47
398;7,12;57,25;17,47
399;7,13;57,25;17,47
400;7,16;57,25;17,47
401;7,18;57,25;17,47
402;7,21;57,45;17,41
403;7,23;57,45;17,41
404;7,25;57,45;17,41
405;7,26;57,45;17,41
406;7,28;57,45;17,41
407;7,30;57,45;17,41
408;7,32;57,45;17,41
409;7,34;57,45;17,41
410;7,35;57,45;17,41
411;7,37;57,45;17,41
412;7,39;57,45;17,41
413;7,41;57,45;17,41
414;7,42;57,45;17,41
415;7,44;57,45;17,41
416;7,46;57,45;17,41
417;7,48;57,45;17,41
418;7,49;57,45;17,41
419;7,50;57,45;17,41
420;7,52;57,45;17,41
421;7,54;57,45;17,41
422;7,55;58,66;17,05
423;7,57;58,66;17,05
424;7,59;58,66;17,05
425;7,60;58,66;17,05
426;7,62;58,66;17,05
427;7,64;58,66;17,05
428;7,66;58,66;17,05
429;7,67;58,66;17,05
430;7,69;58,66;17,05
431;7,71;58,66;17,05
432;7,72;58,66;17,05
433;7,73;58,66;17,05
434;7,75;58,66;17,05
435;7,76;58,66;17,05
436;7,77;58,66;17,05
437;7,78;58,66;17,05
438;7,80;58,66;17,05
439;7,81;58,66;17,05
440;7,83;58,66;17,05
441;7,84;58,66;17,05
442;7,86;58,66;17,05
443;7,88;58,66;17,05
444;7,90;63,45;15,76
445;7,91;63,45;15,76
446;7,94;63,45;15,76
447;7,95;63,45;15,76
448;7,96;63,45;15,76
449;7,98;63,45;15,76
450;8,00;63,45;15,76
451;8,01;63,45;15,76
452;8,04;63,45;15,76
453;8,05;63,45;15,76
454;8,07;63,45;15,76
455;8,08;63,45;15,76
456;8,10;63,45;15,76
457;8,11;63,45;15,76
458;8,14;63,45;15,76
459;8,15;63,45;15,76
460;8,17;63,45;15,76
461;8,18;63,45;15,76
462;8,20;63,45;15,76
463;8,21;63,45;15,76
464;8,24;58,96;16,96
465;8,25;58,96;16,96
466;8,27;58,96;16,96
467;8,29;58,96;16,96
468;8,33;58,96;16,96
469;8,35;58,96;16,96
470;8,37;58,96;16,96
471;8,38;58,96;16,96
472;8,40;58,96;16,96
473;8,41;58,96;16,96
474;8,43;58,96;16,96
475;8,44;58,96;16,96
476;8,46;58,96;16,96
477;8,47;58,96;16,96
478;8,49;58,96;16,96
479;8,50;58,96;16,96
480;8,52;58,96;16,96
481;8,53;58,96;16,96
482;8,55;58,96;16,96
483;8,56;58,96;16,96
484;8,58;58,59;17,07
485;8,59;58,59;17,07
486;8,61;58,59;17,07
487;8,62;58,59;17,07
488;8,64;58,59;17,07
489;8,65;58,59;17,07
490;8,68;58,59;17,07
491;8,69;58,59;17,07
492;8,71;58,59;17,07
493;8,72;58,59;17,07
494;8,74;58,59;17,07
495;8,75;58,59;17,07
496;8,77;58,59;17,07
497;8,79;58,59;17,07
498;8,80;58,59;17,07
499;8,82;58,59;17,07
500;8,84;58,59;17,07
501;8,85;58,59;17,07
502;8,87;58,59;17,07
503;8,89;58,59;17,07
504;8,90;58,59;17,07
505;8,92;61,78;16,19
506;8,94;61,78;16,19
507;8,95;61,78;16,19
508;8,97;61,78;16,19
509;8,99;61,78;16,19
510;9,00;61,78;16,19
511;9,02;61,78;16,19
512;9,04;61,78;16,19
513;9,05;61,78;16,19
514;9,07;61,78;16,19
515;9,09;61,78;16,19
516;9,10;61,78;16,19
517;9,12;61,78;16,19
518;9,14;61,78;16,19
519;9,15;61,78;16,19
520;9,17;61,78;16,19
521;9,19;61,78;16,19
522;9,20;61,78;16,19
523;9,22;61,78;16,19
524;9,24;61,78;16,19
525;9,25;61,78;16,19
526;9,27;59,42;16,83
527;9,29;59,42;16,83
528;9,30;59,42;16,83
529;9,32;59,42;16,83
530;9,34;59,42;16,83
531;9,35;59,42;16,83
532;9,37;59,42;16,83
533;9,39;59,42;16,83
534;9,41;59,42;16,83
535;9,42;59,42;16,83
536;9,44;59,42;16,83
537;9,45;59,42;16,83
538;9,48;59,42;16,83
539;9,49;59,42;16,83
540;9,52;59,42;16,83
541;9,54;59,42;16,83
542;9,56;59,42;16,83
543;9,57;59,42;16,83
544;9,59;59,42;16,83
545;9,60;59,42;16,83
546;9,62;57,32;17,45
547;9,64;57,32;17,45
548;9,65;57,32;17,45
549;9,67;57,32;17,45
550;9,69;57,32;17,45
551;9,70;57,32;17,45
552;9,72;57,32;17,45
553;9,73;57,32;17,45
554;9,75;57,32;17,45
555;9,76;57,32;17,45
556;9,78;57,32;17,45
557;9,80;57,32;17,45
558;9,82;57,32;17,45
559;9,84;57,32;17,45
560;9,86;57,32;17,45
561;9,87;57,32;17,45
562;9,89;57,32;17,45
563;9,91;57,32;17,45
564;9,93;57,32;17,45
565;9,95;57,32;17,45
566;9,97;57,24;17,47
567;9,99;57,24;17,47
568;10,01;57,24;17,47
569;10,03;57,24;17,47
570;10,04;57,24;17,47
571;10,06;57,24;17,47
572;10,08;57,24;17,47
573;10,09;57,24;17,47
574;10,11;57,24;17,47
575;10,13;57,24;17,47
576;10,14;57,24;17,47
577;10,16;57,24;17,47
578;10,18;57,24;17,47
579;10,19;57,24;17,47
580;10,21;57,24;17,47
581;10,23;57,24;17,47
582;10,24;57,24;17,47
583;10,27;57,24;17,47
584;10,28;57,24;17,47
585;10,30;57,24;17,47
586;10,31;58,32;17,15
587;10,33;58,32;17,15
588;10,35;58,32;17,15
589;10,36;58,32;17,15
590;10,37;58,32;17,15
591;10,39;58,32;17,15
592;10,40;58,32;17,15
593;10,41;58,32;17,15
594;10,43;58,32;17,15
595;10,44;58,32;17,15
596;10,46;58,32;17,15
597;10,47;58,32;17,15
598;10,50;58,32;17,15
599;10,51;58,32;17,15
600;10,53;58,32;17,15
601;10,54;58,32;17,15
602;10,56;58,32;17,15
603;10,57;58,32;17,15
604;10,60;58,32;17,15
605;10,61;58,32;17,15
606;10,62;58,32;17,15
607;10,64;58,32;17,15
608;10,66;63,63;15,72
609;10,67;63,63;15,72
610;10,70;63,63;15,72
611;10,71;63,63;15,72
612;10,73;63,63;15,72
613;10,74;63,63;15,72
614;10,76;63,63;15,72
615;10,77;63,63;15,72
616;10,79;63,63;15,72
617;10,81;63,63;15,72
618;10,83;63,63;15,72
619;10,84;63,63;15,72
620;10,86;63,63;15,72
621;10,87;63,63;15,72
622;10,90;63,63;15,72
623;10,91;63,63;15,72
624;10,93;63,63;15,72
625;10,94;63,63;15,72
626;10,96;63,63;15,72
627;10,98;63,63;15,72
628;11,00;59,06;16,93
629;11,01;59,06;16,93
630;11,03;59,06;16,93
631;11,04;59,06;16,93
632;11,06;59,06;16,93
633;11,08;59,06;16,93
634;11,10;59,06;16,93
635;11,11;59,06;16,93
636;11,13;59,06;16,93
637;11,14;59,06;16,93
638;11,16;59,06;16,93
639;11,18;59,06;16,93
640;11,20;59,06;16,93
641;11,22;59,06;16,93
642;11,23;59,06;16,93
643;11,25;59,06;16,93
644;11,27;59,06;16,93
645;11,28;59,06;16,93
646;11,30;59,06;16,93
647;11,32;59,06;16,93
648;11,33;59,86;16,71
649;11,35;59,86;16,71
650;11,37;59,86;16,71
651;11,38;59,86;16,71
652;11,40;59,86;16,71
653;11,42;59,86;16,71
654;11,43;59,86;16,71
655;11,45;59,86;16,71
656;11,47;59,86;16,71
657;11,48;59,86;16,71
658;11,50;59,86;16,71
659;11,52;59,86;16,71
660;11,54;59,86;16,71
661;11,55;59,86;16,71
662;11,57;59,86;16,71
663;11,58;59,86;16,71
664;11,60;59,86;16,71
665;11,62;59,86;16,71
666;11,64;59,86;16,71
667;11,65;59,86;16,71
668;11,67;59,42;16,83
669;11,69;59,42;16,83
670;11,70;59,42;16,83
671;11,72;59,42;16,83
672;11,74;59,42;16,83
673;11,75;59,42;16,83
674;11,77;59,42;16,83
675;11,79;59,42;16,83
676;11,81;59,42;16,83
677;11,83;59,42;16,83
678;11,84;59,42;16,83
679;11,87;59,42;16,83
680;11,89;59,42;16,83
681;11,91;59,42;16,83
682;11,92;59,42;16,83
683;11,94;59,42;16,83
684;11,95;59,42;16,83
685;11,97;59,42;16,83
686;11,99;59,42;16,83
687;12,00;56,84;17,59
688;12,02;56,84;17,59
689;12,04;56,84;17,59
690;12,05;56,84;17,59
691;12,07;56,84;17,59
692;12,09;56,84;17,59
693;12,11;56,84;17,59
694;12,13;56,84;17,59
695;12,14;56,84;17,59
696;12,16;56,84;17,59
697;12,17;56,84;17,59
698;12,19;56,84;17,59
699;12,21;56,84;17,59
700;12,22;56,84;17,59
701;12,24;56,84;17,59
702;12,25;56,84;17,59
703;12,27;56,84;17,59
704;12,29;56,84;17,59
705;12,30;56,84;17,59
706;12,32;56,84;17,59
707;12,33;56,84;17,59
708;12,35;60,54;16,52
709;12,36;60,54;16,52
710;12,38;60,54;16,52
711;12,40;60,54;16,52
712;12,41;60,54;16,52
713;12,43;60,54;16,52
714;12,44;60,54;16,52
715;12,46;60,54;16,52
716;12,48;60,54;16,52
717;12,49;60,54;16,52
718;12,50;60,54;16,52
719;12,52;60,54;16,52
720;12,54;60,54;16,52
721;12,55;60,54;16,52
722;12,57;60,54;16,52
723;12,58;60,54;16,52
724;12,60;60,54;16,52
725;12,62;60,54;16,52
726;12,64;60,54;16,52
727;12,65;60,54;16,52
728;12,67;60,54;16,52
729;12,68;60,54;16,52
730;12,70;62,87;15,91
731;12,72;62,87;15,91
732;12,73;62,87;15,91
733;12,75;62,87;15,91
734;12,77;62,87;15,91
735;12,78;62,87;15,91
736;12,80;62,87;15,91
737;12,81;62,87;15,91
738;12,83;62,87;15,91
739;12,84;62,87;15,91
740;12,86;62,87;15,91
741;12,87;62,87;15,91
742;12,89;62,87;15,91
743;12,91;62,87;15,91
744;12,93;62,87;15,91
745;12,94;62,87;15,91
746;12,96;62,87;15,91
747;12,97;62,87;15,91
748;12,99;62,87;15,91
749;13,01;62,87;15,91
750;13,03;62,87;15,91
751;13,05;60,67;16,48
752;13,06;60,67;16,48
753;13,08;60,67;16,48
754;13,10;60,67;16,48
755;13,11;60,67;16,48
756;13,13;60,67;16,48
757;13,14;60,67;16,48
758;13,16;60,67;16,48
759;13,18;60,67;16,48
760;13,19;60,67;16,48
761;13,21;60,67;16,48
762;13,22;60,67;16,48
763;13,24;60,67;16,48
764;13,26;60,67;16,48
765;13,27;60,67;16,48
766;13,29;60,67;16,48
767;13,31;60,67;16,48
768;13,32;60,67;16,48
769;13,34;60,67;16,48
770;13,36;60,67;16,48
771;13,37;60,67;16,48
772;13,39;61,12;16,36
773;13,40;61,12;16,36
774;13,42;61,12;16,36
775;13,44;61,12;16,36
776;13,46;61,12;16,36
777;13,48;61,12;16,36
778;13,49;61,12;16,36
779;13,51;61,12;16,36
780;13,54;61,12;16,36
781;13,56;61,12;16,36
782;13,57;61,12;16,36
783;13,59;61,12;16,36
784;13,61;61,12;16,36
785;13,62;61,12;16,36
786;13,64;61,12;16,36
787;13,65;61,12;16,36
788;13,67;61,12;16,36
789;13,68;61,12;16,36
790;13,70;61,12;16,36
791;13,72;61,12;16,36
792;13,73;58,24;17,17
793;13,75;58,24;17,17
794;13,76;58,24;17,17
795;13,78;58,24;17,17
796;13,79;58,24;17,17
797;13,81;58,24;17,17
798;13,82;58,24;17,17
799;13,84;58,24;17,17
800;13,85;58,24;17,17
801;13,87;58,24;17,17
802;13,88;58,24;17,17
803;13,90;58,24;17,17
804;13,91;58,24;17,17
805;13,93;58,24;17,17
806;13,95;58,24;17,17
807;13,96;58,24;17,17
808;13,98;58,24;17,17
809;13,99;58,24;17,17
810;14,01;58,24;17,17
811;14,03;58,24;17,17
812;14,05;58,24;17,17
813;14,06;58,24;17,17
814;14,08;63,58;15,73
815;14,09;63,58;15,73
816;14,11;63,58;15,73
817;14,12;63,58;15,73
818;14,14;63,58;15,73
819;14,16;63,58;15,73
820;14,17;63,58;15,73
821;14,19;63,58;15,73
822;14,22;63,58;15,73
823;14,24;63,58;15,73
824;14,26;63,58;15,73
825;14,28;63,58;15,73
826;14,30;63,58;15,73
827;14,31;63,58;15,73
828;14,33;63,58;15,73
829;14,35;63,58;15,73
830;14,37;63,58;15,73
831;14,38;63,58;15,73
832;14,40;63,58;15,73
833;14,42;55,44;18,04
834;14,44;55,44;18,04
835;14,46;55,44;18,04
836;14,48;55,44;18,04
837;14,50;55,44;18,04
838;14,51;55,44;18,04
839;14,53;55,44;18,04
840;14,55;55,44;18,04
841;14,57;55,44;18,04
842;14,59;55,44;18,04
843;14,60;55,44;18,04
844;14,62;55,44;18,04
845;14,64;55,44;18,04
846;14,66;55,44;18,04
847;14,68;55,44;18,04
848;14,70;55,44;18,04
849;14,72;55,44;18,04
850;14,73;55,44;18,04
851;14,75;55,44;18,04
852;14,77;54,30;18,42
853;14,79;54,30;18,42
854;14,81;54,30;18,42
855;14,82;54,30;18,42
856;14,84;54,30;18,42
857;14,86;54,30;18,42
858;14,88;54,30;18,42
859;14,89;54,30;18,42
860;14,91;54,30;18,42
861;14,92;54,30;18,42
862;14,94;54,30;18,42
863;14,96;54,30;18,42
864;14,97;54,30;18,42
865;14,99;54,30;18,42
866;15,00;54,30;18,42
867;15,02;54,30;18,42
868;15,08;54,30;18,42
869;15,09;54,30;18,42
870;15,11;53,27;18,77
871;15,13;53,27;18,77
872;15,15;53,27;18,77
873;15,16;53,27;18,77
874;15,18;53,27;18,77
875;15,21;53,27;18,77
876;15,22;53,27;18,77
877;15,24;53,27;18,77
878;15,26;53,27;18,77
879;15,28;53,27;18,77
880;15,29;53,27;18,77
881;15,30;53,27;18,77
882;15,31;53,27;18,77
883;15,32;53,27;18,77
884;15,34;53,27;18,77
885;15,35;53,27;18,77
886;15,36;53,27;18,77
887;15,37;53,27;18,77
888;15,40;53,27;18,77
889;15,41;53,27;18,77
890;15,43;53,27;18,77
891;15,44;53,27;18,77
892;15,47;61,68;16,21
893;15,48;61,68;16,21
894;15,50;61,68;16,21
895;15,51;61,68;16,21
896;15,53;61,68;16,21
897;15,55;61,68;16,21
898;15,57;61,68;16,21
899;15,58;61,68;16,21
900;15,61;61,68;16,21
901;15,62;61,68;16,21
902;15,64;61,68;16,21
903;15,65;61,68;16,21
904;15,67;61,68;16,21
905;15,68;61,68;16,21
906;15,70;61,68;16,21
907;15,71;61,68;16,21
908;15,73;61,68;16,21
909;15,75;61,68;16,21
910;15,77;61,68;16,21
911;15,79;61,68;16,21
912;15,80;59,23;16,88
913;15,82;59,23;16,88
914;15,84;59,23;16,88
915;15,85;59,23;16,88
916;15,88;59,23;16,88
917;15,89;59,23;16,88
918;15,90;59,23;16,88
919;15,92;59,23;16,88
920;15,94;59,23;16,88
921;15,95;59,23;16,88
922;15,97;59,23;16,88
923;15,98;59,23;16,88
924;16,01;59,23;16,88
925;16,02;59,23;16,88
926;16,04;59,23;16,88
927;16,05;59,23;16,88
928;16,07;59,23;16,88
929;16,09;59,23;16,88
930;16,11;59,23;16,88
931;16,12;59,23;16,88
932;16,14;59,31;16,86
933;16,16;59,31;16,86
934;16,18;59,31;16,86
935;16,19;59,31;16,86
936;16,21;59,31;16,86
937;16,22;59,31;16,86
938;16,25;59,31;16,86
939;16,26;59,31;16,86
940;16,28;59,31;16,86
941;16,29;59,31;16,86
942;16,31;59,31;16,86
943;16,32;59,31;16,86
944;16,35;59,31;16,86
945;16,36;59,31;16,86
946;16,38;59,31;16,86
947;16,40;59,31;16,86
948;16,41;59,31;16,86
949;16,43;59,31;16,86
950;16,44;59,31;16,86
951;16,46;59,31;16,86
952;16,48;58,72;17,03
953;16,50;58,72;17,03
954;16,51;58,72;17,03
955;16,52;58,72;17,03
956;16,54;58,72;17,03
957;16,56;58,72;17,03
958;16,58;58,72;17,03
959;16,60;58,72;17,03
960;16,61;58,72;17,03
961;16,63;58,72;17,03
962;16,64;58,72;17,03
963;16,66;58,72;17,03
964;16,68;58,72;17,03
965;16,69;58,72;17,03
966;16,71;58,72;17,03
967;16,73;58,72;17,03
968;16,75;58,72;17,03
969;16,76;58,72;17,03
970;16,78;58,72;17,03
971;16,80;58,72;17,03
972;16,81;58,72;17,03
973;16,82;61,30;16,31
974;16,84;61,30;16,31
975;16,86;61,30;16,31
976;16,88;61,30;16,31
977;16,90;61,30;16,31
978;16,91;61,30;16,31
979;16,93;61,30;16,31
980;16,95;61,30;16,31
981;16,96;61,30;16,31
982;16,98;61,30;16,31
983;17,00;61,30;16,31
984;17,02;61,30;16,31
985;17,06;61,30;16,31
986;17,09;61,30;16,31
987;17,12;61,30;16,31
988;17,15;61,30;16,31
989;17,17;46,53;21,49
990;17,19;46,53;21,49
991;17,21;46,53;21,49
992;17,23;46,53;21,49
993;17,26;46,53;21,49
994;17,28;46,53;21,49
995;17,30;46,53;21,49
996;17,32;46,53;21,49
997;17,34;46,53;21,49
998;17,36;46,53;21,49
999;17,38;46,53;21,49
1000;17,41;46,53;21,49
1001;17,43;46,53;21,49
1002;17,45;46,53;21,49
1003;17,47;46,53;21,49
1004;17,49;46,53;21,49
1005;17,51;47,14;21,21
1006;17,53;47,14;21,21
1007;17,55;47,14;21,21
1008;17,57;47,14;21,21
1009;17,59;47,14;21,21
1010;17,61;47,14;21,21
1011;17,63;47,14;21,21
1012;17,65;47,14;21,21
1013;17,66;47,14;21,21
1014;17,68;47,14;21,21
1015;17,70;47,14;21,21
1016;17,72;47,14;21,21
1017;17,74;47,14;21,21
1018;17,76;47,14;21,21
1019;17,78;47,14;21,21
1020;17,80;47,14;21,21
1021;17,82;47,14;21,21
1022;17,84;47,14;21,21
1023;17,85;51,87;19,28
1024;17,87;51,87;19,28
1025;17,89;51,87;19,28
1026;17,91;51,87;19,28
1027;17,93;51,87;19,28
1028;17,95;51,87;19,28
1029;17,96;51,87;19,28
1030;17,98;51,87;19,28
1031;18,00;51,87;19,28
1032;18,01;51,87;19,28
1033;18,03;51,87;19,28
1034;18,05;51,87;19,28
1035;18,07;51,87;19,28
1036;18,09;51,87;19,28
1037;18,11;51,87;19,28
1038;18,14;51,87;19,28
1039;18,15;51,87;19,28
1040;18,18;51,87;19,28
1041;18,20;52,73;18,97
1042;18,22;52,73;18,97
1043;18,24;52,73;18,97
1044;18,26;52,73;18,97
1045;18,27;52,73;18,97
1046;18,30;52,73;18,97
1047;18,32;52,73;18,97
1048;18,34;52,73;18,97
1049;18,36;52,73;18,97
1050;18,38;52,73;18,97
1051;18,40;52,73;18,97
1052;18,42;52,73;18,97
1053;18,44;52,73;18,97
1054;18,46;52,73;18,97
1055;18,48;52,73;18,97
1056;18,50;52,73;18,97
1057;18,52;52,73;18,97
1058;18,54;49,30;20,28
1059;18,56;49,30;20,28
1060;18,58;49,30;20,28
1061;18,60;49,30;20,28
1062;18,62;49,30;20,28
1063;18,64;49,30;20,28
1064;18,66;49,30;20,28
1065;18,68;49,30;20,28
1066;18,70;49,30;20,28
1067;18,72;49,30;20,28
1068;18,74;49,30;20,28
1069;18,76;49,30;20,28
1070;18,79;49,30;20,28
1071;18,81;49,30;20,28
1072;18,83;49,30;20,28
1073;18,85;49,30;20,28
1074;18,88;47,80;20,92
1075;18,89;47,80;20,92
1076;18,91;47,80;20,92
1077;18,93;47,80;20,92
1078;18,96;47,80;20,92
1079;18,98;47,80;20,92
1080;19,00;47,80;20,92
1081;19,02;47,80;20,92
1082;19,04;47,80;20,92
1083;19,06;47,80;20,92
1084;19,08;47,80;20,92
1085;19,10;47,80;20,92
1086;19,12;47,80;20,92
1087;19,14;47,80;20,92
1088;19,16;47,80;20,92
1089;19,18;47,80;20,92
1090;19,20;47,80;20,92
1091;19,22;49,49;20,21
1092;19,24;49,49;20,21
1093;19,26;49,49;20,21
1094;19,28;49,49;20,21
1095;19,30;49,49;20,21
1096;19,32;49,49;20,21
1097;19,34;49,49;20,21
1098;19,36;49,49;20,21
1099;19,38;49,49;20,21
1100;19,39;49,49;20,21
1101;19,41;49,49;20,21
1102;19,43;49,49;20,21
1103;19,45;49,49;20,21
1104;19,47;49,49;20,21
1105;19,48;49,49;20,21
1106;19,50;49,49;20,21
1107;19,52;49,49;20,21
1108;19,54;49,49;20,21
1109;19,56;52,65;18,99
1110;19,58;52,65;18,99
1111;19,59;52,65;18,99
1112;19,61;52,65;18,99
1113;19,63;52,65;18,99
1114;19,65;52,65;18,99
1115;19,66;52,65;18,99
1116;19,69;52,65;18,99
1117;19,70;52,65;18,99
1118;19,73;52,65;18,99
1119;19,74;52,65;18,99
1120;19,77;52,65;18,99
1121;19,79;52,65;18,99
1122;19,81;52,65;18,99
1123;19,83;52,65;18,99
1124;19,85;52,65;18,99
1125;19,87;52,65;18,99
1126;19,89;52,65;18,99
1127;19,90;52,44;19,07
1128;19,93;52,44;19,07
1129;19,95;52,44;19,07
1130;19,97;52,44;19,07
1131;19,99;52,44;19,07
1132;20,01;52,44;19,07
1133;20,03;52,44;19,07
1134;20,05;52,44;19,07
1135;20,07;52,44;19,07
1136;20,09;52,44;19,07
1137;20,11;52,44;19,07
1138;20,13;52,44;19,07
1139;20,15;52,44;19,07
1140;20,17;52,44;19,07
1141;20,19;52,44;19,07
1142;20,21;52,44;19,07
1143;20,23;52,44;19,07
1144;20,25;48,59;20,58
1145;20,28;48,59;20,58
1146;20,30;48,59;20,58
1147;20,32;48,59;20,58
1148;20,34;48,59;20,58
1149;20,36;48,59;20,58
1150;20,38;48,59;20,58
1151;20,40;48,59;20,58
1152;20,43;48,59;20,58
1153;20,45;48,59;20,58
1154;20,47;48,59;20,58
1155;20,49;48,59;20,58
1156;20,52;48,59;20,58
1157;20,54;48,59;20,58
1158;20,57;48,59;20,58
1159;20,59;44,81;22,32
1160;20,63;44,81;22,32
1161;20,64;44,81;22,32
1162;20,67;44,81;22,32
1163;20,69;44,81;22,32
1164;20,71;44,81;22,32
1165;20,73;44,81;22,32
1166;20,75;44,81;22,32
1167;20,77;44,81;22,32
1168;20,80;44,81;22,32
1169;20,82;44,81;22,32
1170;20,84;44,81;22,32
1171;20,86;44,81;22,32
1172;20,88;44,81;22,32
1173;20,90;44,81;22,32
1174;20,92;44,81;22,32
1175;20,94;45,67;21,89
1176;20,96;45,67;21,89
1177;20,98;45,67;21,89
1178;21,00;45,67;21,89
1179;21,02;45,67;21,89
1180;21,04;45,67;21,89
1181;21,05;45,67;21,89
1182;21,07;45,67;21,89
1183;21,09;45,67;21,89
1184;21,11;45,67;21,89
1185;21,13;45,67;21,89
1186;21,15;45,67;21,89
1187;21,16;45,67;21,89
1188;21,18;45,67;21,89
1189;21,20;45,67;21,89
1190;21,21;45,67;21,89
1191;21,23;45,67;21,89
1192;21,25;45,67;21,89
1193;21,27;45,67;21,89
1194;21,29;54,61;18,31
1195;21,30;54,61;18,31
1196;21,32;54,61;18,31
1197;21,34;54,61;18,31
1198;21,37;54,61;18,31
1199;21,38;54,61;18,31
1200;21,40;54,61;18,31
1201;21,42;54,61;18,31
1202;21,45;54,61;18,31
1203;21,47;54,61;18,31
1204;21,49;54,61;18,31
1205;21,51;54,61;18,31
1206;21,53;54,61;18,31
1207;21,55;54,61;18,31
1208;21,58;54,61;18,31
1209;21,60;54,61;18,31
1210;21,62;47,87;20,89
1211;21,64;47,87;20,89
1212;21,66;47,87;20,89
1213;21,68;47,87;20,89
1214;21,70;47,87;20,89
1215;21,72;47,87;20,89
1216;21,74;47,87;20,89
1217;21,76;47,87;20,89
1218;21,78;47,87;20,89
1219;21,80;47,87;20,89
1220;21,82;47,87;20,89
1221;21,84;47,87;20,89
1222;21,86;47,87;20,89
1223;21,88;47,87;20,89
1224;21,91;47,87;20,89
1225;21,92;47,87;20,89
1226;21,95;47,87;20,89
1227;21,97;49,21;20,32
1228;21,99;49,21;20,32
1229;22,01;49,21;20,32
1230;22,03;49,21;20,32
1231;22,05;49,21;20,32
1232;22,07;49,21;20,32
1233;22,09;49,21;20,32
1234;22,11;49,21;20,32
1235;22,13;49,21;20,32
1236;22,14;49,21;20,32
1237;22,16;49,21;20,32
1238;22,19;49,21;20,32
1239;22,20;49,21;20,32
1240;22,22;49,21;20,32
1241;22,24;49,21;20,32
1242;22,26;49,21;20,32
1243;22,28;49,21;20,32
1244;22,30;50,56;19,78
1245;22,32;50,56;19,78
1246;22,35;50,56;19,78
1247;22,37;50,56;19,78
1248;22,39;50,56;19,78
1249;22,41;50,56;19,78
1250;22,43;50,56;19,78
1251;22,45;50,56;19,78
1252;22,47;50,56;19,78
1253;22,49;50,56;19,78
1254;22,52;50,56;19,78
1255;22,54;50,56;19,78
1256;22,56;50,56;19,78
1257;22,58;50,56;19,78
1258;22,61;50,56;19,78
1259;22,63;50,56;19,78
1260;22,66;45,37;22,04
1261;22,67;45,37;22,04
1262;22,70;45,37;22,04
1263;22,71;45,37;22,04
1264;22,74;45,37;22,04
1265;22,75;45,37;22,04
1266;22,77;45,37;22,04
1267;22,79;45,37;22,04
1268;22,81;45,37;22,04
1269;22,84;45,37;22,04
1270;22,86;45,37;22,04
1271;22,88;45,37;22,04
1272;22,90;45,37;22,04
1273;22,92;45,37;22,04
1274;22,94;45,37;22,04
1275;22,96;45,37;22,04
1276;22,98;45,37;22,04
1277;23,00;49,65;20,14
1278;23,02;49,65;20,14
1279;23,04;49,65;20,14
1280;23,06;49,65;20,14
1281;23,07;49,65;20,14
1282;23,09;49,65;20,14
1283;23,11;49,65;20,14
1284;23,13;49,65;20,14
1285;23,15;49,65;20,14
1286;23,17;49,65;20,14
1287;23,19;49,65;20,14
1288;23,21;49,65;20,14
1289;23,22;49,65;20,14
1290;23,24;49,65;20,14
1291;23,26;49,65;20,14
1292;23,27;49,65;20,14
1293;23,29;49,65;20,14
1294;23,31;49,65;20,14
1295;23,33;49,65;20,14
1296;23,35;54,48;18,35
1297;23,37;54,48;18,35
1298;23,39;54,48;18,35
1299;23,41;54,48;18,35
1300;23,43;54,48;18,35
1301;23,45;54,48;18,35
1302;23,47;54,48;18,35
1303;23,49;54,48;18,35
1304;23,51;54,48;18,35
1305;23,53;54,48;18,35
1306;23,55;54,48;18,35
1307;23,57;54,48;18,35
1308;23,60;54,48;18,35
1309;23,62;54,48;18,35
1310;23,64;54,48;18,35
1311;23,66;54,48;18,35
1312;23,68;54,48;18,35
1313;23,70;48,15;20,77
1314;23,72;48,15;20,77
1315;23,74;48,15;20,77
1316;23,76;48,15;20,77
1317;23,78;48,15;20,77
1318;23,81;48,15;20,77
1319;23,83;48,15;20,77
1320;23,86;48,15;20,77
1321;23,89;48,15;20,77
1322;23,91;48,15;20,77
1323;23,93;48,15;20,77
1324;23,95;48,15;20,77
1325;23,97;48,15;20,77
1326;24,00;48,15;20,77
1327;24,02;48,15;20,77
1328;24,04;44,40;22,52
1329;24,06;44,40;22,52
1330;24,08;44,40;22,52
1331;24,10;44,40;22,52
1332;24,12;44,40;22,52
1333;24,14;44,40;22,52
1334;24,16;44,40;22,52
1335;24,18;44,40;22,52
1336;24,20;44,40;22,52
1337;24,22;44,40;22,52
1338;24,24;44,40;22,52
1339;24,25;44,40;22,52
1340;24,27;44,40;22,52
1341;24,29;44,40;22,52
1342;24,31;44,40;22,52
1343;24,32;44,40;22,52
1344;24,34;44,40;22,52
1345;24,36;44,40;22,52
1346;24,37;53,40;18,72
1347;24,39;53,40;18,72
1348;24,41;53,40;18,72
1349;24,43;53,40;18,72
1350;24,45;53,40;18,72
1351;24,46;53,40;18,72
1352;24,49;53,40;18,72
1353;24,51;53,40;18,72
1354;24,53;53,40;18,72
1355;24,55;53,40;18,72
1356;24,57;53,40;18,72
1357;24,59;53,40;18,72
1358;24,61;53,40;18,72
1359;24,63;53,40;18,72
1360;24,65;53,40;18,72
1361;24,67;53,40;18,72
1362;24,69;53,40;18,72
1363;24,71;50,16;19,94
1364;24,73;50,16;19,94
1365;24,75;50,16;19,94
1366;24,78;50,16;19,94
1367;24,80;50,16;19,94
1368;24,82;50,16;19,94
